filename,xmin,ymin,xmax,ymax,class
train/bC7OWmNYjZLjLYnd.png,84,33,286,181,Dur
train/gK1XEsUjwJ5gDOSz.png,23,1,300,180,Sol
train/HYMbsGR9sq7jfwQp.png,121,28,300,158,Sol
train/yLeWjzIsAgQO8rT2.png,46,12,300,171,Dur
train/RlpqfQnTgM6AxUNs.png,45,45,295,179,Sag
train/GacGc5Z89bSZ5IXG.png,42,27,300,143,Sol
train/EvCwicQf5dVFto6x.png,100,15,300,138,Dur
train/qCzy78clSmCmt5Uv.png,109,50,300,200,Dur
train/QVFB67Eza3BCNeRY.png,67,38,300,165,Sag
train/y9PxZE5NfOO323Nv.png,90,63,300,181,Sol
train/jMVjrTQfvJ0xLTOt.png,52,29,300,151,Sol
train/jYSFgcG68qqavVn6.png,142,1,300,126,Sag
train/IdrewaHdlHRrNHbJ.png,77,56,300,200,Sol
train/aac4C8FFlVQw6aGM.png,54,39,300,161,Sag
train/HQSUE6P23pvLctuy.png,14,3,300,140,Sag
train/mxyADQuZCMwE1Nv5.png,80,55,300,175,Sol
train/DOuDihjhzIuZ2skd.png,81,41,300,171,Sag
train/ikusbrqDgla4SEas.png,92,25,300,160,Dur
train/9TeUwuSOgtGgewNL.png,98,44,300,182,Dur
train/hMqKoUYAvB91YRuO.png,78,10,300,200,Dur
train/uRSLPvxdMFumUTl4.png,72,62,300,177,Sol
train/vua0e2tJtebtNywx.png,84,40,300,167,Sol
train/NfmReZcDjjo6EJ3z.png,40,27,300,149,Sol
train/ODhkT6k9Xdoj9xG7.png,126,36,300,162,Dur
train/KJ77yLPN943SrPZW.png,51,1,300,200,Sag
train/45OQyZuXtfNCc8Rk.png,50,28,300,200,Sag
train/jy6fSFQ1ynecl3P7.png,82,67,300,183,Sol
train/EkArrGlCdj8NNPbu.png,22,30,300,145,Sol
train/545XFudcV0UlnH2Y.png,61,17,300,164,Dur
train/p2Y8kJZKuaHvM4dk.png,83,41,300,160,Sag
train/AORIZvib6x3RaA82.png,51,69,300,199,Sol
train/FqTkhXfEVeaGHReH.png,36,42,300,175,Sag
train/w1NflQUWVQmFdZdI.png,22,34,300,169,Sol
train/4Fxr7klOIfijCpio.png,35,20,300,175,Sag
train/2affjOmZChc9AXpR.png,101,26,300,178,Dur
train/63khvkT3L0GCdMHh.png,126,31,300,163,Sol
train/04l5I8TqdzF9WDMJ.png,37,33,300,181,Sag
train/lGC1Z9CaHybrKaoK.png,81,46,300,176,Sol
train/zZRojXITRo7bAIRT.png,95,23,300,171,Dur
train/dOgYDnySFw6fj21T.png,29,62,300,194,Sol
train/DVPUHpNyCvJxx69v.png,110,28,300,169,Dur
train/ASH8lCQK8VGgkfyG.png,59,44,300,191,Sol
train/Uok6jb9ObZxSWCDu.png,22,44,300,189,Sag
train/Ht08RX3DQCSdl9Sy.png,41,1,300,182,Sag
train/GErhi3nROcOcubPG.png,63,45,300,161,Sol
train/hHY3BbYoVFjLEsbd.png,71,47,300,182,Sag
train/d5fTHW3xnYsDhax5.png,108,36,300,178,Dur
train/IH5gpU7fLJSn90Rx.png,72,47,300,168,Sol
train/svWW1IeCIfKmCxvY.png,41,61,300,188,Sol
train/hAb9a8XAGVZnLM6m.png,63,33,300,149,Sol
train/rgh4Zpx9TkORJIWe.png,52,32,300,169,Sol
train/mkUctpckc3vjOwKa.png,116,1,300,156,Sag
train/ismjaxPJzOizyqOx.png,76,40,300,165,Sol
train/9VLUR3WfMvIdEMrO.png,77,37,300,155,Sol
train/mAjn51U2iJwlh99P.png,54,28,300,155,Sol
train/GelC88IvDZoRejHp.png,42,15,300,185,Sag
train/Z2jcrWNs2feSmVtI.png,76,46,300,170,Sol
train/1uoW7QcH2qAgCTxv.png,64,64,300,194,Sag
train/zVMOQFwVINs3dj8o.png,118,64,300,185,Sag
train/hWVwQVI74lc5zgyK.png,34,18,300,183,Sag
train/9Ylbn7DgtTyKKNuM.png,76,48,300,183,Dur
train/vfKiFjWIK9JKHxLn.png,52,30,300,165,Sag
train/Ep0yJCcioRpgZquy.png,46,76,300,199,Sol
train/BYoDUgGsCMmAIF9I.png,59,22,300,169,Dur
train/nkwwKfU69znG7Bi3.png,76,26,300,169,Dur
train/pI8SGhRU1bmqZAcM.png,106,23,300,148,Dur
train/9xyvz1JbPwNqtLgH.png,12,29,300,163,Sag
train/J5ZDRE5Cp9jyHs7s.png,149,8,300,138,Dur
train/QbAO4VZw7Jlcenou.png,85,62,300,179,Sol
train/9v75qnx8zdeAAOq6.png,45,1,300,187,Sag
train/R8EezCr0SD3e39T0.png,4,37,300,186,Sol
train/45lUkDFTSG9E7qOr.png,136,65,266,159,Dur
train/1WX9KKoq0nkWiTxI.png,50,67,300,187,Sol
train/UuozdYFAjozEdiMj.png,102,49,300,181,Dur
train/AfK6szcUXW6HDlxI.png,109,45,300,169,Dur
train/k7KXWWd1IymDhMIm.png,29,81,300,200,Sol
train/IzA79EWPoX9pRKhq.png,1,23,300,182,Sol
train/Z9vSGzBQ8YLOXQIX.png,27,27,300,200,Sag
train/IRSnSZdAUmx8ZVkD.png,102,42,300,179,Dur
train/TTISkHEEyMVpUk5B.png,51,34,300,149,Sol
train/MLrUGD1graoSw2c5.png,69,42,300,199,Sag
train/7LFhnAZBWmtcMqDM.png,28,29,300,158,Sol
train/g04l14MAwqQthuWW.png,64,19,300,159,Dur
train/RpCSMPJ0LhFPYksZ.png,157,35,300,162,Dur
train/hUDN2qXDxjoGBWqu.png,10,13,300,145,Sag
train/ZCr3PjDcttbKRAAW.png,66,50,300,184,Sol
train/fPwDPzGZ5JeY0rb9.png,65,35,300,153,Sag
train/rULPfRAFnmSQtUhh.png,119,56,300,200,Dur
train/qWHWCHG7exZiCfdq.png,40,12,284,152,Sag
train/4UMcbmjgoJ8vsU3G.png,94,58,258,200,Dur
train/IKy6sz5i68TYNJH6.png,33,2,300,142,Sag
train/NLwrHPTaiNSMjHLX.png,102,39,300,170,Sag
train/qZX4Zcms0Ffpe8v7.png,15,31,244,144,Sag
train/Ma48V1PQ0ylc88AU.png,59,46,300,177,Sol
train/Y803FUXqbDOwGm0K.png,42,42,300,162,Sol
train/zru6yFR3dqc3SymW.png,35,16,272,150,Sag
train/UJdZdj6nyFRHVFEg.png,93,43,300,200,Sag
train/jX4XP2bjq762S0Wj.png,27,42,300,173,Sol
train/yeinQlqGeaqSgvoN.png,112,46,300,173,Dur
train/YmNXS0VhjQjldK3P.png,184,33,300,167,Dur
train/NQxWkhRHMkt2GrpB.png,153,38,300,175,Dur
train/xDVakDa8abIKURzb.png,100,15,300,144,Dur
train/8Gew5erdZ7A4K3gI.png,61,68,300,183,Sol
train/H4DhPewFGkdWrc4A.png,140,41,300,175,Dur
train/ngFDxBhhLQzs7JAH.png,39,31,300,183,Sag
train/prCirglnpqZ4KRmM.png,46,53,300,191,Sag
train/AqKsjUyFEqJcD0HC.png,21,70,300,200,Sol
train/6gt1kvpjTKJIA7S0.png,72,35,300,157,Sol
train/EvpZ7BPu3bibrvM2.png,72,42,300,174,Dur
train/Pms0QO8IsSP02WTP.png,51,44,300,171,Sol
train/90GH8JQWUw9PUnlA.png,21,12,300,193,Sag
train/djVVgBL6PqTdtr6l.png,41,30,300,160,Sag
train/REzgm4ptrguK4bgX.png,76,39,300,171,Sol
train/srlcv9vYJ9c9OUsC.png,81,37,300,179,Dur
train/KCh0XBlgDa526pBe.png,1,1,300,106,Sol
train/GlmYygm1ezDtcUks.png,79,32,300,156,Sol
train/NjO1nKIuSLnWpnK0.png,126,51,300,194,Dur
train/yhXsHSeStA2dharc.png,30,35,300,184,Sag
train/p0v91qRDrCRa1qWZ.png,135,48,300,183,Dur
train/rtyjzSfCZlfTPTox.png,129,11,300,176,Dur
train/8zsAtTLXniXCu2Jx.png,130,51,300,199,Dur
train/QASICiZe79sFTXBz.png,88,1,300,161,Sag
train/RrbEWg7xTBv2qa9q.png,18,41,295,161,Sol
train/ISW7mRK3Wu6ik0eH.png,26,25,280,156,Sag
train/CmzQ1oRM0ei850Wl.png,103,29,300,123,Sol
train/WVfwcOw6nXcg4xER.png,50,51,300,181,Sag
train/1i1dlQrE6JnhYXE4.png,150,38,300,186,Sol
train/qsRQNgddFhV2Mlnn.png,35,34,300,176,Sag
train/H5UvLsMVpHQH2q0i.png,69,20,300,141,Dur
train/fQPCA8oYZ8ywDgyv.png,97,22,300,165,Dur
train/SJCguzLeVcfuZ2OA.png,53,42,300,164,Sol
train/qrKttJhRuVwzKsQM.png,110,82,300,200,Dur
train/RQ78Zpf7uYHXCYcb.png,55,37,281,171,Sag
train/4ZoU4nouZzb9G2MI.png,87,16,300,176,Sag
train/tTOLtCt5p5upFetg.png,94,5,300,124,Sol
train/BsWasfK2PdoRNEDw.png,66,30,283,161,Dur
train/c5vx49tv1qUAH19T.png,107,58,300,178,Sol
train/x6RZUj3vDGq0u806.png,119,56,300,185,Dur
train/8HKeT2oFz3gPSW0p.png,119,70,300,199,Dur
train/kyzq1dNdXgG9OZDb.png,46,71,300,186,Sol
train/yiOfEmSzPhjaYDwH.png,48,27,300,148,Sol
train/kfz2fRvWcTqPzQxn.png,61,12,251,153,Dur
train/UuF8mRQ3FDM6fOmp.png,41,33,300,161,Sag
train/BmVM7T7MvIkewekj.png,49,34,300,175,Sol
train/n3OFHC3Uz9y9JsaM.png,111,36,300,178,Sol
train/EcChvTuoNsCzjFUQ.png,110,14,300,163,Dur
train/PVsR1GzEGP3wznMy.png,95,40,300,158,Sol
train/iYOrHPwEvEe7rXSL.png,46,38,300,158,Sol
train/lGIPlKIVgwrDC17U.png,35,28,300,164,Sag
train/7SOrAw5PvJghnwuq.png,34,29,300,160,Sol
train/nmkNauqVsM2JUvok.png,12,39,288,173,Sag
train/bC8Fki1Na2rRSlBG.png,106,47,275,180,Dur
train/5p5Qjz4unC0KcWoL.png,53,42,300,163,Sol
train/em91htnBohvtnG2e.png,21,28,300,158,Sag
train/fIryCS56DD4INQKz.png,119,51,300,188,Sol
train/UOW45qbyvti8nBHV.png,58,49,300,173,Sag
train/AMl8nHQ9Ys6Tpvl3.png,52,50,300,168,Sol
train/B9PzXQbhzehhxFRN.png,57,22,300,177,Sag
train/EBh8bZgOANio5kQw.png,60,36,300,165,Sol
train/WYOb0YuOVCMs7ebJ.png,31,25,300,172,Sol
train/NuJjhPSItSWUuMOk.png,98,25,300,160,Dur
train/fK7m8vZQS1RUHcMr.png,132,45,300,194,Dur
train/wfpI2zfWOeQbwd1f.png,44,66,300,200,Sag
train/lb8kepfzcnutbQI1.png,55,44,300,162,Sag
train/URj0hmH1Y9lNObL9.png,86,44,248,149,Sag
train/LlDkBm3uklZkHrB0.png,107,43,300,191,Dur
train/fdVS2hjaLlbu5u8J.png,21,18,300,156,Sol
train/JgqT9u28RqoBgJdy.png,24,34,300,153,Sol
train/Gv71lr2m5b9rBwPy.png,33,40,300,180,Sag
train/INutMuoFBgugllQm.png,160,76,300,200,Dur
train/JSDICtLrQIEXhPy5.png,84,2,300,155,Sol
train/DDHIkmyeaJPV7k0A.png,22,47,300,189,Sag
train/FT9FiK5l1lohzfxI.png,100,29,300,148,Sag
train/v9fNaoRtExGYVHgL.png,93,29,300,167,Dur
train/UPZ5MJAl3AqoLrZV.png,90,40,300,183,Dur
train/m7OF0PiEJCUJyf6K.png,62,28,300,178,Dur
train/MqPYNCxzDBls3LRf.png,125,53,300,183,Sol
train/BJwCAwQV0EWaUT1X.png,1,1,300,183,Sol
train/0zKU6wEhT2cDe9j0.png,11,26,300,163,Sag
train/YllhyQANozETi3MM.png,129,23,300,175,Dur
train/wMLAOfEG0tDVHVX0.png,87,24,300,179,Sol
train/H3USQGpRNkk6KyXa.png,79,48,300,187,Dur
train/z5l2JCxLM7igVya5.png,127,10,300,135,Sol
train/eTkUxksFCvfsbVLs.png,99,53,300,177,Sol
train/O0fq1v7s6qxN8o9L.png,44,54,293,178,Sag
train/Ze6bn38U5XECyORF.png,69,35,300,192,Sag
train/L2oIlMxDTToJYUvV.png,63,66,300,196,Sag
train/LAhqdrhPNg3ZLxpr.png,60,59,300,191,Sag
train/9ZqjWey4XHP94iRr.png,54,87,300,200,Sol
train/keyl4nDZLxLORnr3.png,42,17,300,156,Sag
train/SEQCe9xFE7XXGeUh.png,83,76,300,190,Sol
train/lZkRVz5sifz7CD66.png,59,16,300,161,Sag
train/sDLQgvDkWYW8qa8b.png,149,49,300,183,Dur
train/clIAiFiURAZ36c8y.png,98,21,300,185,Dur
train/aMAVOdimraDSK6P1.png,33,48,300,176,Sol
train/f423uSEl5slK7nbj.png,47,74,300,200,Sag
train/PnOq5kwHISggPuW4.png,64,48,300,196,Sol
train/17HZDUFSVPxcar99.png,36,26,300,145,Sol
train/g028Qv0lVlEbKi1q.png,81,55,300,162,Sag
train/5sdSnAPfphSzXjWu.png,60,53,250,173,Dur
train/CnRjJejRPD3QmYTl.png,67,58,300,199,Sag
train/VaVPcDb7mPMQ1gHk.png,68,26,300,169,Sol
train/PP5HF3TrSg1DzqjX.png,37,31,300,177,Dur
train/lFRtpAScOeikVDZB.png,102,35,300,166,Dur
train/g1gIEqOv6YDveleA.png,70,1,300,163,Sol
train/qpw9fZk3IDIXXJEr.png,54,38,300,159,Sol
train/W6jpdF8qZXwnsopw.png,44,18,300,139,Sol
train/9buKAwFejr8MhkAF.png,100,27,291,171,Dur
train/DGR6Jkl5GJY9Sez0.png,39,40,300,181,Sag
train/JApmimWQx0vFx1qw.png,52,32,300,167,Sag
train/WUJ02oAbtzoPF4oo.png,51,36,300,170,Sag
train/2TAGoXw7yaK0bXBu.png,46,75,300,200,Sol
train/2J7q0JbqJrjmZC05.png,35,29,300,150,Sol
train/6wuALDd920vZ0qZE.png,84,24,300,158,Sag
train/ksWe2SZsjOoLAzf5.png,71,47,300,194,Sol
train/tZFZV6hmUogDBeMl.png,83,28,300,161,Dur
train/4iN0sQcmcukBN652.png,100,33,300,180,Dur
train/aOiWbMZF8BhxwLTs.png,41,44,300,184,Sag
train/XNzFnFkneYMqJQOF.png,83,94,300,200,Dur
train/74FZPuPPfVCwqHgO.png,61,12,300,157,Sag
train/RtFKKjIDZ0zA0khp.png,58,31,300,200,Sag
train/yhdKczrnPdXbTjZc.png,87,30,300,166,Dur
train/jJVH6kP3VRPHbWvs.png,93,62,279,181,Dur
train/SiIASaSafeaodwOd.png,131,61,300,187,Sol
train/zp7Okc8j1CJgB8ji.png,28,64,300,200,Dur
train/84JL84r6Jcpp5Udi.png,32,28,300,162,Sag
train/8EjcPHxZBpTtX8bM.png,105,36,272,155,Dur
train/bsj2s38rcZvedHSI.png,98,13,296,170,Dur
train/6ycslJxTsTjZc5H2.png,61,24,300,159,Sag
train/hfvXIbr96w55MAIz.png,126,32,300,157,Dur
train/a9SyLOjQZE4llCvX.png,78,22,300,153,Sag
train/dUDR2ViadkqS6EHf.png,84,61,300,200,Sag
train/XQihGnpPBb3DucOm.png,41,54,300,181,Sag
train/eCrwTPFv8gvWXubN.png,117,51,300,194,Sol
train/Q7dUVly6sK3jyeMM.png,105,29,300,166,Dur
train/znR0vgP11p6yX3nI.png,143,17,300,139,Sol
train/UQIJiOYi6zCaIeue.png,48,49,300,180,Sag
train/YLqWJoGJOcnoAZim.png,53,28,300,163,Sol
train/fMkDqtJgZAKa7dl5.png,46,69,300,200,Sag
train/MKU8h3j49NjuhQpi.png,153,27,300,171,Dur
train/orYuZ7NeWdENNt7D.png,84,36,300,200,Sag
train/ZWrzVOGgkuKQRDnQ.png,125,5,300,143,Dur
train/uoYuyEHvVLrOOmqW.png,40,37,300,175,Sag
train/V7gDBwuUctk8myTw.png,51,34,300,171,Sag
train/fYuJzeeHPzGwlGh0.png,24,3,300,138,Sag
train/Ty7ti2YUZ4XJcaOk.png,61,35,300,160,Sol
train/Ea5uaRMj6JwEAEtn.png,50,55,300,168,Sol
train/QjvKDUTFuGf7gAm4.png,39,1,300,147,Sol
train/9n5YXSqxWa9wgPIW.png,1,22,300,147,Sol
train/5QHZzfwp2xJXckQb.png,102,56,277,178,Dur
train/7c2VZ3UGtDTLecjo.png,106,77,300,193,Sol
train/wzcE5Sx0VwqjWQhs.png,116,17,300,163,Dur
train/dWIQvO3tVSLw4etp.png,52,49,300,167,Sol
train/337ARHTZmhCSkoEM.png,111,29,300,162,Dur
train/wvySukQJa9DYOX8v.png,27,33,300,160,Sol
train/460WcktBwCAzsU0A.png,21,40,300,200,Sag
train/cI2tl5vM2koXZPfG.png,38,76,300,200,Sag
train/zrZmvRbPtB57a4Vr.png,58,43,300,181,Sag
train/xJNBzdx479xjphEV.png,55,2,300,184,Sag
train/oJi50DvlvFg4wTio.png,107,3,300,174,Sag
train/rrf0pB5CgUgAmucg.png,115,12,300,141,Dur
train/1VRzspyXpQ6A2rKy.png,57,34,300,152,Sol
train/brPQ0E5Gk9L0FHey.png,94,66,300,200,Dur
train/FeKk3jfdVyzHV7l5.png,78,81,300,192,Sol
train/jVsCBh8HQczKdHci.png,47,44,300,168,Sol
train/BTG0fjXM09DyD4sh.png,31,48,300,182,Sag
train/pwM1GeKjG7KE4i75.png,49,42,300,173,Sag
train/9GnoYJhsreNoV2Wn.png,56,78,300,200,Sag
train/9YPMzKwEOWcIx1oN.png,49,27,300,143,Sol
train/ntumvg6vWpT6qIal.png,14,57,300,197,Sag
train/5mipmm4t8RM5o0tW.png,61,41,300,167,Sol
train/y2auZRkrUIi0wvd2.png,48,45,300,199,Sag
train/7jLYhf025vHEX7kp.png,58,62,300,179,Sol
train/6ZAZiGMRp4VD1hDD.png,16,27,288,160,Sol
train/wI8gSJIe2tzwPSub.png,181,1,300,119,Dur
train/KAXMiWZQIm1n1Hji.png,95,13,300,170,Sol
train/CjjM6i1OEFaKcm6e.png,104,47,300,200,Sol
train/YIHmMbsN487PuNaH.png,138,31,300,162,Dur
train/hi4vWQhDFKyTs4iJ.png,107,40,300,192,Dur
train/Xshr8uYgfxIuHXyO.png,113,23,300,158,Dur
train/LqxEdPczGbYd9Zlu.png,30,5,300,161,Sag
train/aK8TLrx71gTLlSXX.png,28,52,300,168,Sol
train/L2S17RtFi8XXp6b8.png,84,46,300,180,Sag
train/8CjXmw1rSkNLaj6p.png,100,1,284,132,Dur
train/MLmBabhqRs9Gxec0.png,75,48,300,169,Dur
train/SsvKZDW23vRQMUtA.png,43,39,300,182,Sag
train/HTETrKtTEB31pvsK.png,58,24,300,173,Sag
train/gjdBDXv7avQwgTr3.png,86,32,300,174,Dur
train/H8n0niVYdIGNGE0d.png,47,34,300,166,Sag
train/4fCqIVTEuFLsQMaZ.png,73,41,300,181,Sag
train/j8dvLhkeL92SpOGj.png,40,15,300,159,Sag
train/R7y8PxDKzaAd0uUQ.png,63,45,300,193,Sag
train/evBSpeXRlbUu82CV.png,34,19,300,129,Sol
train/e6O1EpJykTCPNfvI.png,56,27,300,144,Sol
train/jKWUHfF0b4BzWBEk.png,111,34,300,178,Dur
train/cbGRRpm8EE2K6pDH.png,60,27,300,163,Sol
train/tVigGbWgM7Rp9ic4.png,48,61,300,196,Sol
train/gutk3kRhu9AfjYWQ.png,136,47,300,200,Dur
train/XN42vZFFWvOwwrEb.png,56,67,300,198,Sol
train/IlrxPx0XNL2QslmW.png,43,49,300,182,Sag
train/hCPYo6pBGExadl5o.png,4,3,300,162,Sag
train/dpBDoATNj0ZtqSz3.png,22,55,300,183,Sol
train/r0rDY3jRgJB5q9MX.png,1,59,300,168,Sol
train/UO03gubyPNMaJ8pj.png,60,45,300,167,Sol
train/eHSa1nP8bmRToqyG.png,165,40,300,170,Dur
train/RW8BP64V5NC04QWf.png,68,32,300,169,Sag
train/VrhvQlf5Yz5mAt7Y.png,44,1,300,125,Sag
train/lj8o8xy1TAOMQDaH.png,74,37,300,194,Sag
train/JlMP0YH6vhxWRMZz.png,63,55,300,200,Sag
train/U4HuPlTKsnXYExzJ.png,119,7,300,145,Dur
train/s73bLQf6K0lw4RDJ.png,47,24,300,160,Sag
train/CKLOvn69epi2Qcxg.png,116,29,300,163,Dur
train/8qhPJIViAhfZTJkA.png,50,14,300,200,Sag
train/8dKMDDHzX9WeRAaN.png,124,29,300,154,Sol
train/vk4PY18fJkMJvtbm.png,123,4,300,143,Sol
train/2ZPcSpOm7SEfQYwg.png,52,52,300,166,Sol
train/PFyOS0TL9gRsnYi8.png,59,1,300,154,Dur
train/37PRV3B9HxuUPkQr.png,25,1,300,134,Sag
train/IY007WkIgMgYMJRj.png,83,52,300,185,Dur
train/4RyeZiScDO5Z45oG.png,101,22,300,173,Dur
train/4484TuJc6AH7pDOG.png,46,58,300,198,Sag
train/5Iz9WPYz1C3PKWxj.png,43,27,300,169,Sag
train/HEvNErOwJyFQMMIB.png,48,46,300,190,Sol
train/vXU1VEpTIJDKa6kg.png,118,53,300,184,Dur
train/ul2wGK0NgJXs8mHv.png,62,53,300,189,Sag
train/XXKgbWzJCa3JSYdz.png,49,19,300,159,Sol
train/gLvAPtEJW1Ff5KLX.png,60,22,300,138,Sol
train/X04PclHUrXo1cF1d.png,40,19,300,154,Sol
train/qu2vQ5gzrN7dOu1Y.png,5,46,300,168,Sol
train/N40rvDyvPIoApxTW.png,78,33,300,157,Sol
train/fa3PZHjdAUZAob3q.png,121,28,300,177,Dur
train/1MOm36DHK0R8OfIC.png,108,53,247,187,Dur
train/A0t6YRrNR7SEI6DZ.png,45,69,300,200,Sol
train/jXhwHToky4rsswCO.png,75,50,300,177,Sag
train/KMUCDyhYewIdDnvu.png,25,84,300,200,Sol
train/pHx4pvFv4zXPDI1w.png,101,21,300,184,Sag
train/nOIg15ZJ3XuUVkT3.png,46,32,300,150,Sol
train/JmcPS1QNxo3NDlk0.png,103,38,300,179,Dur
train/QqPSoi6Vj2Vbua3V.png,57,34,300,170,Sag
train/8VaAxK3h5GeQAqRn.png,27,27,300,135,Sol
train/1Frbe8cdOdkciOBg.png,41,25,300,199,Sag
train/fnbn7osMCGWmqHKZ.png,64,1,300,176,Sag
train/2fxAdPTgrVIoITsL.png,76,45,300,167,Sol
train/pt2EHjG6vxV6Hjmf.png,46,22,300,172,Sag
train/wjljU5HhXhirxPZ3.png,93,28,300,172,Dur
train/raSxG3GjqMrYHvgW.png,34,36,300,167,Sag
train/FoYWUBXBw6qO7y0f.png,51,36,300,160,Sol
train/EiSbUEkcpA3vRMGd.png,52,27,300,156,Sol
train/9zfyVkUcku0qc4Gu.png,18,20,300,200,Sag
train/02vG75hQW9Vp4oTl.png,74,24,269,157,Dur
train/Qx31hf6YWyFs6Mu7.png,91,35,300,157,Sag
train/7vtC68OSHd1FZJvN.png,61,25,300,141,Sol
train/G5iYVibCVfZW27jB.png,57,40,300,159,Sol
train/ZVYkpv1wvpH7lSDu.png,87,3,300,182,Dur
train/oneWMcLqF5aVRqz8.png,66,91,300,200,Sol
train/SjE9MULuPPnbplHT.png,41,43,300,190,Sag
train/StZmJNdxOScdAqF0.png,172,1,300,139,Dur
train/P1STllnKDD05zo29.png,51,27,300,182,Sag
train/OvlZhZPWYPjouJIM.png,91,49,300,168,Sol
train/qsa5Kd0lZctgmHvM.png,99,42,300,172,Dur
train/dLacOlQK2ZsURwOa.png,65,47,300,175,Dur
train/1yKjzquSvl9ShK7K.png,156,12,300,160,Sag
train/cfCjmEcXysh0H52D.png,22,58,300,200,Sag
train/jaxChUvakWAN9eTs.png,80,38,300,200,Sag
train/7L3Xke8iQBzywEPH.png,48,44,300,180,Sag
train/XFCJ1H5zoEXgE5CX.png,87,64,300,200,Dur
train/UAaPcdGxSdKJngGc.png,55,37,300,150,Sol
train/CLCnzerdshjQe3HQ.png,122,1,300,136,Sol
train/4hvoLYY28SGuZCEI.png,50,16,300,138,Sol
train/C7zCG474LseZgn8o.png,41,35,300,170,Sag
train/dA1kwqyPaGEErN3j.png,142,28,300,159,Dur
train/O5SEqKQq5Ui3pS57.png,143,19,300,156,Dur
train/VstDOeRm7czrAOO9.png,10,17,300,127,Sag
train/8I8hrFbPPNz6qWeV.png,39,25,300,183,Sag
train/UWq276y40jnVYaPC.png,99,1,300,157,Sag
train/TgCDIOp6r8sKduvT.png,94,27,300,178,Dur
train/NSlKVMz6GymflBze.png,115,46,300,200,Dur
train/kH6F4XFQOxMTRZj3.png,66,45,300,168,Sol
train/OCVnkabSoNdmkHiU.png,21,7,286,149,Dur
train/x4KH7n6QA6CV8In4.png,106,48,300,197,Dur
train/IZYmxHXE1DVHJfYm.png,42,61,300,182,Sol
train/KAoLE5XBuwjmtKj2.png,26,36,300,168,Sag
train/pPId4ocKjlcEVsXt.png,62,16,296,164,Sag
train/FF2mNwRujDxzozUQ.png,84,28,300,200,Dur
train/Mfz7ZRZdZeRxFYAf.png,112,61,300,200,Dur
train/e50cckZL8BKmqzjd.png,124,1,300,121,Sag
train/SoqluLecSTBcuyoS.png,36,36,300,168,Sag
train/qGG51BxEClmts5xA.png,94,33,300,172,Dur
train/Ct3DVjkYKTia5Xq9.png,147,47,300,162,Sol
train/nQ7DM3VMBj0NdM0u.png,111,54,300,188,Dur
train/IEE3kJIfbClsf54v.png,42,68,300,193,Sol
train/JspEtoXj1u5CjLmG.png,122,40,300,179,Dur
train/O0YV4V0z2pe4kxwx.png,79,35,300,184,Dur
train/N235Vnlue0M9SwaK.png,95,53,300,184,Dur
train/p8g7qteM8iFK1Mdp.png,90,31,300,185,Dur
train/v9Y88d4jR0phu1rv.png,32,31,300,153,Sol
train/19H63c0MWD56EWNq.png,91,33,279,167,Dur
train/0OEXfEooCXlljaEl.png,106,53,293,184,Dur
train/zM2n6u50gHzL1i6i.png,133,32,300,161,Dur
train/sNnaELZrclDFKtoL.png,62,24,300,135,Sol
train/MnvVVMoqDmzrm5NJ.png,63,29,300,170,Sag
train/8pxbBnbfqzX3ijVM.png,119,32,300,176,Dur
train/h8GCEjkSpQjdUuZH.png,39,33,300,155,Sol
train/bu8W5hPRULeRi0Kr.png,5,64,271,200,Dur
train/7wFK6yhjKaNkhwZs.png,71,45,300,176,Dur
train/ZnuLAMdyI9xJCcKE.png,75,39,300,159,Sag
train/QKFJL22hutlivVGa.png,37,52,300,185,Sag
train/GRUlZRON6TdcmAOe.png,127,40,300,170,Dur
train/vxMVVVspXFiLAJc4.png,79,37,300,176,Dur
train/CIN4oPYURMvc4xTb.png,92,8,300,187,Sag
train/Ckqc5ia9xteRont9.png,102,65,300,200,Sol
train/5U8st2LCr9zLl5og.png,78,31,300,162,Sag
train/pUCjvjdpH5HSaWxl.png,49,55,300,191,Sag
train/S9iRciyZ0OktMu7s.png,111,51,298,186,Dur
train/i1GxDtZ5awTW7Rsf.png,72,18,300,157,Dur
train/xH9uXlr7ev4rhwf2.png,151,30,300,184,Dur
train/3ONDEuB8iwAYO1Uz.png,111,24,300,171,Dur
train/Khsb4fYDiZjyXfBP.png,94,40,300,183,Dur
train/F9aco7lZecystG3Z.png,110,33,300,153,Dur
train/yYiQN5jZvkGqr6C5.png,78,44,300,168,Sag
train/BnnRzew7yA30gyts.png,57,43,280,185,Dur
train/hzvSpM4olIqXfeVt.png,112,16,300,154,Sol
train/ZveWRNmdKejc1c4w.png,59,39,300,175,Sag
train/poJARbX3gvvFDPXQ.png,68,28,300,173,Dur
train/HbBcQItQ6d5yMDqL.png,50,85,300,200,Sag
train/izGsLJJdOIpr54aV.png,124,21,300,166,Dur
train/IqHedcZ3nrBRxpn6.png,69,50,300,172,Sol
train/Gr3EpS7AO3KtWTz0.png,56,28,300,151,Sol
train/sC3hanWBPaeGV4xg.png,24,46,300,159,Sol
train/2UaJz6Z3xJv3WX9h.png,87,23,267,167,Dur
train/hfYfNNtqkFzF9BE4.png,41,20,300,197,Sag
train/oYZ5GJcd60BPi0BI.png,73,10,300,167,Dur
train/iILNKQp2qExtn6JV.png,67,37,277,157,Dur
train/e1qGNUkh9ecj7QG3.png,62,9,300,145,Sol
train/LhgH8QOKfA5xu287.png,98,28,300,149,Sag
train/Lz2cVZ7LSaoXHcgr.png,86,48,300,175,Dur
train/lMMb00aQLU5FP5rd.png,126,45,300,176,Sol
train/JOaPrPIINVvoI9l4.png,148,28,300,153,Dur
train/43pApTDJOff5Fy62.png,138,26,300,162,Dur
train/xALf82q7G9zbPjgN.png,98,3,300,111,Sol
train/EesxTpYzhZoMVlH8.png,52,32,300,146,Sol
train/6z9hCJxzN11rIsJH.png,24,27,300,165,Sol
train/CZMVXF6ReNFTmQu3.png,104,69,300,200,Dur
train/LiCKhA8ipxSqU9Fo.png,68,54,300,180,Sol
train/kmBByXdkwf5Vro8P.png,33,1,300,193,Sag
train/Tghe750qrbh7MMpP.png,108,32,300,164,Sol
train/XOWPFbuwpaJaEv9o.png,60,66,300,178,Sag
train/aeVtGl2LQBr831P5.png,36,27,300,168,Sag
train/RJrQJX31bej6flMr.png,99,35,300,168,Sag
train/DHqDt7x3dw4jZmp9.png,77,23,288,150,Dur
train/y9DoLrI4Hlh2EUts.png,48,8,300,144,Sag
train/DH7iguASbWIzzBnT.png,25,44,300,162,Sol
train/JOsGCJTsKvKGNHN1.png,47,45,300,184,Sag
train/3sHqqD2BAKmQp4dk.png,98,1,300,118,Sol
train/BTcHjuerLAYWzx8S.png,82,17,263,142,Dur
train/FSQhfK1gcYqm4O4W.png,33,14,300,154,Sol
train/Gc4hUsoFAQBdulGg.png,48,47,300,180,Sag
train/bAQiTy59XVNlKqc4.png,80,30,300,150,Sol
train/EPFt6X0fS9c97Y5y.png,95,46,300,196,Dur
train/Us8s37BoILcW4tgE.png,61,41,300,167,Sol
train/4QtEaLUAuzeJZKdK.png,130,33,300,180,Dur
train/B9HRznSZlfXYAUwK.png,112,53,300,182,Sol
train/7w91NsCtVzsPOSYB.png,45,73,300,200,Sag
train/7O4sybfz26sg4yrF.png,89,61,300,195,Dur
train/w7862CEzcIVnMgG4.png,44,43,300,161,Sol
train/fwnVVskCSNkB9LUL.png,71,51,300,172,Sag
train/wYsHIJDvNLDvn4m7.png,68,1,300,183,Sag
train/9szmJOWlXxEbjDGV.png,33,1,300,200,Sag
train/bmlw6acW9500qauw.png,91,21,300,179,Sol
train/dftjUImANb0Q9pMA.png,49,35,300,169,Sag
train/KngvagTrRurJUlI5.png,63,44,300,160,Sol
train/UjbgpVjrwzH0XvuD.png,79,35,300,197,Dur
train/UDjD30Rke7seRcaD.png,84,30,300,165,Dur
train/KYa6DwgYNkoUZhMp.png,93,29,300,156,Dur
train/uM6obPsz0ALWxBjQ.png,138,35,300,158,Sol
train/V9v5VHsYgQOVnzo2.png,69,6,300,143,Sag
train/821xYeW8U0Iy6qVX.png,32,31,300,161,Sag
train/tUAXecVWvaYBm4s4.png,8,20,300,169,Sag
train/2nSUlcvPf1DOCo1j.png,101,45,300,168,Dur
train/6ZuyUqrA3gcHdfCe.png,98,33,300,177,Dur
train/kY0Q7raIkxwCCOk2.png,107,70,300,176,Sol
train/qtYZl1WPMxaH5KQV.png,1,1,240,170,Sag
train/eU4VT33MEquo64QQ.png,35,73,300,185,Sol
train/AIdBo3sdoduT52KJ.png,53,43,300,163,Sol
train/dZh2VMRu9nRGHhYL.png,16,46,300,200,Sag
train/s3L79HfHyX9tyTS0.png,135,35,300,163,Sol
train/EVtIRpfQ2ys2A3ag.png,37,25,300,170,Sag
train/Dvamqz9JlSMySW1i.png,53,42,300,170,Sag
train/mugG8B1m5Ra2aRgZ.png,26,30,300,166,Sag
train/7YbjJFHGHPhJQFvE.png,26,63,300,199,Sag
train/YkZMyyS9fJdKmL3F.png,16,40,300,180,Sag
train/yQIWMi6PpMKRMZaa.png,139,58,300,200,Dur
train/BI9YnLkJ5wFZe6w8.png,49,35,300,168,Sag
train/MKnNPdRtHfgr6ZbI.png,68,21,300,152,Sag
train/AydtaubqlFzR1W5x.png,101,48,288,171,Dur
train/iupz1I8ISgp6PDj7.png,127,81,300,200,Dur
train/s1gqGqCAbVLwDSw8.png,78,45,300,163,Sol
train/AuO0jNEKCbMzb7Xf.png,135,67,300,200,Dur
train/6weMqPPWdXLD7lNy.png,48,33,300,162,Sol
train/HTlhfHf6CMkGBrlh.png,59,26,300,149,Dur
train/OQpJdqlKKADyIvtb.png,129,58,300,200,Dur
train/f2pYnAURozqBDJDy.png,164,37,300,164,Dur
train/GVxDgpt5p4FA2e6n.png,53,22,300,160,Sol
train/7Vor5Uo4DweXkpE7.png,33,27,300,166,Sag
train/hP1nFePk6ao9xKDF.png,30,39,300,163,Sol
train/lb0hZJ95AjtXzoHf.png,104,32,300,146,Dur
train/HAjiwatcnWjWeEeT.png,53,52,300,175,Sol
train/KGiyDw5Ryx3WjjSZ.png,64,32,300,174,Sag
train/Egi7OpuV8V24C2LP.png,38,22,300,147,Sol
train/e7wuzMq70FDcvaFr.png,99,63,300,178,Sol
train/SPx9aUguwNqxqPVS.png,53,18,291,175,Sag
train/f1aYiLdB5VC3L8Kk.png,36,37,300,176,Sag
train/SxVHDxJ1kFS3Il20.png,49,33,300,159,Sol
train/JtDq2l0qrhsysghx.png,59,23,300,150,Sol
train/Zz52yCODsLplv7rK.png,93,53,300,179,Dur
train/9Ke26ZpKvhVSXl4V.png,103,34,300,167,Dur
train/EKecGY0Gk9GJjT5n.png,51,1,300,99,Sol
train/LNyVq7Qg9M0S6RMZ.png,47,18,300,168,Sol
train/XSI0ZmaJN2CfPs3B.png,78,61,300,180,Sol
train/nKBG8QSEBTwgkoVp.png,127,20,300,187,Dur
train/Lv7HtvXSy9JMzap2.png,41,29,300,150,Sol
train/YaRYYDirKENPeJcS.png,71,28,300,144,Sol
train/8cUuoeM7qSsAGoOv.png,16,38,300,187,Sag
train/jqQlxUsZOssnmdWL.png,31,58,300,188,Sag
train/3XEQ73XMn7zaww2T.png,23,3,300,200,Sag
train/aFWGfqQgf0jt1h7g.png,102,53,300,187,Dur
train/H8cGdqeAOdIyIMO5.png,40,48,300,180,Sag
train/oky5NsS9ymRXKVf8.png,89,34,300,156,Dur
train/C82Z7IFPlfaDFF71.png,74,46,300,192,Dur
train/2E8j595xseKRF60J.png,39,29,300,166,Sol
train/UE6Ao0ZqJbQ1R1R5.png,69,15,300,148,Sag
train/3K6a8bG8j1YTH1l0.png,7,20,300,200,Sag
train/FJoRrTDakCLyWs75.png,40,57,300,178,Sag
train/UJXhVbWUgUnzedxP.png,99,10,300,149,Sag
train/FVEAFUE9uhfJPi2f.png,49,56,300,200,Sag
train/xn0aW7kbdkNaR2cj.png,88,16,300,138,Dur
train/JKlTmX8oKzganNsN.png,50,14,300,148,Sol
train/VSitIYv6wmfRhoKj.png,42,18,300,152,Sol
train/QVIiXr87PkeldzZM.png,88,40,300,155,Sag
train/dFlxUAypUgfOZqoV.png,74,40,300,162,Sol
train/DNnBWydGbZkwxkWz.png,104,32,300,164,Dur
train/hu3OxByp0O4KCJft.png,40,22,300,166,Sag
train/oYofHCDonUnJKd0C.png,81,22,300,172,Dur
train/DFi1cIxsQrXxIoWn.png,137,64,300,200,Dur
train/gWsh2wyYZXw7an5G.png,151,29,300,150,Sol
train/QM8un28uGzplAkrb.png,96,20,300,162,Dur
train/IxQ1CVKgnpiD0HfY.png,59,29,293,156,Sag
train/bsXoToIcgrXUypd0.png,121,40,300,171,Dur
train/NMWjLWPkXc8YmJTP.png,29,5,300,178,Sol
train/nY37eRslka1ss2bZ.png,77,1,300,169,Dur
train/hAcc7l7XQ9EtxxfR.png,59,1,260,134,Dur
train/RTCZxs3LhwklhSKk.png,57,17,300,135,Sol
train/to1CYeerlgzyJIeO.png,113,37,300,184,Sag
train/EwKdZirU6MwYRV13.png,70,66,295,200,Dur
train/Mq8Ym2axOJVIthiP.png,72,71,300,200,Sag
train/SsNjRQhLfqyGZtkG.png,91,12,300,129,Sol
train/weNeUSDwclSyOtnW.png,115,21,300,165,Dur
train/xnLyw2TBZF8e2vcr.png,51,21,300,158,Sag
train/UVuauoFm9Pk5JJre.png,53,46,300,175,Sag
train/sVmVaYH9SUDDI6y4.png,67,24,300,135,Sol
train/YXMdBr7G2GS6sN1v.png,34,32,300,172,Sol
train/wjpTy95PqKpcRg9o.png,97,15,300,137,Sol
train/Sna2TBf27xfLdZgk.png,24,4,300,144,Sol
train/2DQbLQfHlfrcATqi.png,19,2,300,182,Sag
train/LCmGn9hnX6JQZ6lT.png,68,20,300,165,Dur
train/rGgiaJArxCsrf5RK.png,2,21,300,140,Sol
train/foxUXc8WPRDAd6LM.png,134,29,300,169,Dur
train/iEYJn6rg6FCcLqQv.png,79,50,287,170,Dur
train/mWtDBJ2pprz96x22.png,52,30,300,200,Sag
train/2PiUTczN5Ez4VreF.png,43,33,300,184,Sag
train/PZrfX01MvfB3oeyB.png,35,30,300,169,Sag
train/TstngIvuLJt0GIze.png,58,42,300,178,Sag
train/YaAtOlkyK9hnzZ11.png,44,55,300,190,Sol
train/rX4dcSySbz56p4dk.png,49,43,300,192,Sag
train/Di7hVJMSS3DzbSTi.png,51,1,300,192,Sag
train/nW7S3LYj4C49mX06.png,122,55,300,200,Dur
train/SjtYrw48VCBOLOQh.png,18,1,300,157,Sag
train/rMViRrOZTOK1XiEw.png,116,59,300,200,Dur
train/52nvTykEONIdmqQI.png,74,29,300,197,Sag
train/JKN8VKp7pfMEQdBZ.png,81,48,300,178,Sag
train/BoXJ7o2SeSRRfuAH.png,44,30,300,170,Sag
train/WB7EanJC16YLgogF.png,95,19,300,158,Dur
train/Z1leFM4TO5u2eSaI.png,44,27,300,160,Sol
train/eLBTZkvB4E951ml0.png,15,46,300,166,Sag
train/TLbqMqwDrww8CS0p.png,114,11,300,137,Dur
train/A0Dgq561RAiluT9p.png,30,16,289,163,Sag
train/oKx22gb6XjI0aXHR.png,73,32,300,182,Sag
train/LF4yf48q3qRLLZNS.png,136,15,300,168,Dur
train/brzyLjsQoGb8cmBe.png,53,70,269,200,Dur
train/lqo55attrFxuKqlu.png,20,1,265,200,Sag
train/OSEIPDjPzHw3gKjc.png,80,36,300,196,Sag
train/z7TWGDT2mb6DsKuG.png,54,40,300,169,Sol
train/JqR15GsfOszxXGP2.png,57,19,282,159,Dur
train/Xq3zZyHBFpklvwb6.png,93,52,300,186,Dur
train/E5WazBRd4ax2tHs4.png,125,51,300,182,Sol
train/JlHdrLmHFDNY7Cy2.png,39,29,300,167,Sol
train/8ei3rSl89D6W8Tav.png,47,1,300,144,Sol
train/OLq5gEcrMDGftxeG.png,67,43,300,177,Sol
train/4vXhIZv7KkPhyfX9.png,110,6,300,160,Dur
train/eCZWzeGkpX6rdizo.png,46,41,300,172,Sag
train/iTEpNyc8wQiAbm0I.png,121,34,300,160,Dur
train/lZcZsaDTx2vWJFun.png,112,6,300,124,Dur
train/5qDxuZZrlJjTW8ld.png,170,23,300,149,Dur
train/9C2CyZRK18hcyHSx.png,60,44,300,163,Sol
train/OXA4uaaO7YUkxjSJ.png,31,18,300,187,Sag
train/p67xXnYGlchlu7pi.png,113,26,300,154,Sol
train/tGBAO9oyBYRD7XXS.png,82,48,300,189,Dur
train/7M6QmAbgSaXFX9ES.png,72,66,300,178,Sol
train/IQsx834hZ2POqopO.png,45,50,300,188,Sag
train/pW8TQWh9SoWh0HLE.png,100,67,300,200,Sag
train/wZikdISRLJlJwp9q.png,75,36,300,161,Dur
train/C0WynzBAhXQGSywJ.png,11,63,300,200,Sag
train/gPFCK0WnHem9uYEW.png,86,44,300,191,Dur
train/b8dw4ZOgMTx2h1xI.png,25,45,300,175,Sag
train/Tgy8eMKf7vZc4Eib.png,115,1,300,144,Sag
train/qbWKhamyFLSmXCgZ.png,67,39,300,174,Sag
train/ldGrLw1rlUq1nHuw.png,52,17,300,147,Sag
train/DXQaN15KphkE4i7z.png,59,59,300,176,Sol
train/nf8YKjeoUMPtr65m.png,45,38,300,176,Sol
train/HyLg8tH9blwT6eVy.png,11,39,300,167,Sag
train/nb6CUTNhXBAmjFp9.png,7,46,300,183,Sag
train/oTQjuZyEM7y9MlNJ.png,31,27,300,200,Sag
train/CpWDLKaUbf6poyIj.png,82,39,300,166,Dur
train/nb1DEYJBoJTVwG4K.png,98,36,300,180,Dur
train/51TTZXCnAuk3Ck6s.png,66,46,279,170,Dur
train/Y0XtXW0pn979O6KK.png,57,9,300,200,Sag
train/1vQCX4af6hQmuwxZ.png,61,33,300,150,Sol
train/RsBNa42PCliwNPQS.png,53,18,300,163,Dur
train/0a3UtNzl5Ll3sq8K.png,21,15,299,176,Sag
train/F9QovHPXetKcOokD.png,119,44,300,186,Dur
train/Je4YZuaXlY4KaAfQ.png,42,54,300,189,Sag
train/glL1mPYeHM552bV4.png,96,32,300,181,Dur
train/DcbHRGWKeOdFBzEs.png,47,12,300,154,Sol
train/qMWVb6BibNukvVrj.png,155,32,300,168,Dur
train/AoGoNngxM4z3CboT.png,30,37,300,163,Sol
train/eiiwN1DsKoIheMgz.png,69,28,300,171,Sag
train/At8YmfH681yAI9O6.png,44,25,300,154,Sol
train/PnuPFf14FGLB9AKu.png,63,37,300,156,Sol
train/JQaNQ7LsPy3cY23Q.png,114,14,300,190,Sag
train/ac0j8jCfz8hwpY0o.png,50,19,300,160,Sag
train/qJ0P3RNZJ1dL3lzS.png,93,25,300,163,Dur
train/FAgOt7E8exiEn1fa.png,57,23,300,121,Sol
train/fNhHWQTLa9YBoIo2.png,90,31,300,170,Sol
train/9ElQEC0AP2RtKdOo.png,84,63,300,200,Dur
train/gaZKijiVXyjhSLYp.png,109,41,300,195,Dur
train/1yDUM1w2HTbuPIfO.png,69,40,300,161,Sol
train/ngrJl9cJoUVFdYwO.png,26,45,300,165,Sol
train/jl6AlteXSalbS3rG.png,46,31,300,160,Sag
train/eJ5fbY23rZWUULxO.png,104,31,261,153,Dur
train/mUqkjFi6NBsHR7tf.png,35,50,300,200,Sag
train/95NcnE0omOzXLqs3.png,38,20,300,164,Sol
train/QSa6ILjZeRdKM5Fz.png,117,43,300,178,Dur
train/bPTh8OjfiaJfzdcw.png,32,35,300,193,Sag
train/5Zca8AdXnpDvoz18.png,96,37,300,170,Dur
train/xgFgqnPJIU3u1ZqY.png,14,48,300,169,Sol
train/XrNTSnUh9OxytAYI.png,133,23,300,161,Sol
train/ReZf7r7O8OZ1R3Cm.png,57,20,300,150,Sol
train/pJix3Ef2BAOt7yAz.png,138,50,300,181,Sol
train/ClP1hwm5k2IQsG1B.png,56,12,300,158,Sag
train/UmpmKO5O9ku8kBwj.png,88,51,300,168,Sol
train/FP1L4Ax4XDmqP2QB.png,65,58,300,200,Sol
train/s89nGNUsKL1q4vtJ.png,104,32,297,160,Dur
train/qtfGt3JjA0Orrg9v.png,22,45,300,175,Sag
train/Rc1pRmm4p20kAl7A.png,79,56,300,184,Sol
train/TqrIZuWA1XJR0MEK.png,17,26,300,162,Sol
train/VFOCgVBUlL5Gp4Hh.png,40,39,300,200,Sag
train/BMet9oI6hmx1zdc9.png,77,47,300,191,Dur
train/rPWSuNNi9TZbKb7l.png,32,30,300,150,Sol
train/IR0TvCNLcK7IrE1a.png,158,70,300,200,Dur
train/WCJ45vWIRykFDXkA.png,38,43,300,174,Sol
train/2DdERUV7Te8ivywq.png,83,60,300,192,Dur
train/PDV8vSlSFdej3jNx.png,28,41,269,164,Sag
train/yfoLtt4c7Rzc5VOW.png,12,57,300,180,Sag
train/itSX8Pe5BwSSbcEb.png,67,12,300,147,Sol
train/JCPNp02x7U7KU7bP.png,49,53,300,172,Sol
train/hmu0D0hhHVAD8wXd.png,61,61,300,183,Sol
train/l0XeoPGwezMDYujz.png,111,37,300,165,Dur
train/rffdDFsMVDDkn32c.png,36,45,300,166,Sag
train/UCZlOkcylNYU2ylP.png,38,32,300,162,Sag
train/oDhw5SDj3rprGmyc.png,154,59,300,171,Sol
train/tiS1ECooPwR5IvFK.png,52,34,300,180,Sag
train/dPSQ4TKPBJyjv6cH.png,168,53,300,189,Sag
train/QSPgUc6QCA1kNLin.png,115,64,272,150,Dur
train/6OhEpnz0QxBCfbXE.png,1,32,300,177,Sag
train/qHXkVDE4py7UfvIQ.png,34,11,300,136,Sol
train/1Tt9U9SzrOm98Xtw.png,51,48,300,177,Sag
train/khFWD3MPEKPitVyA.png,36,31,300,170,Sag
train/ueuECCtQxOjHF1ij.png,50,39,300,200,Sag
train/rzRKFMMFob6PQPxk.png,198,61,300,194,Dur
train/ZWKMxS1Yoa5ZvkOz.png,123,49,300,178,Dur
train/3XqpRCrIK65ostOr.png,123,47,300,166,Dur
train/6q2PxM8Kk16UxoMY.png,20,44,256,165,Sag
train/3Q6h5cXYeNTeOLgD.png,58,17,300,139,Sol
train/ukg3QI26FUEa7YDn.png,126,17,300,150,Sol
train/T0Ac7jx8YlCdhjXB.png,147,33,300,160,Dur
train/c9oqImbEKG7Ij1cO.png,1,58,300,176,Sol
train/n1H2YStjFsCwmlYz.png,54,12,300,200,Sag
train/MhOAtto6kcc8xsKr.png,61,31,300,175,Dur
train/Miw8prUoiVMVG2D4.png,80,70,300,200,Sag
train/9Dto1OCNf5wjYimE.png,1,3,300,200,Sag
train/ubb6xwgONJP3xBbv.png,1,7,300,195,Sag
train/cy37is7PNfZQJ6SU.png,105,35,295,159,Dur
train/6BIKQpfZEfQkCvrz.png,47,48,300,200,Sag
train/g6KeAGhgzo4NSYWc.png,81,18,300,181,Sol
train/cLvjnABO9kFuwjP0.png,33,45,300,185,Sol
train/a6nlEYiU2vnnUcp3.png,94,9,300,132,Sol
train/GIFgGPzv7MykUgzM.png,82,42,300,200,Sol
train/kcZfTQqKr8VaSjhk.png,125,35,300,178,Dur
train/put6WFBHh6qImxCG.png,43,30,300,156,Dur
train/4Bimc2E5E9jTh1Fh.png,56,29,300,173,Sag
train/boppgwG3Rz1zqCNK.png,98,13,300,145,Dur
train/0cb6cVL8pkfi4wF6.png,63,39,300,173,Sag
train/mIFCv2K3nBdTMjku.png,36,39,300,165,Sol
train/AgfZ2awwDPr3d50b.png,69,50,300,176,Sol
train/91nHRDpe6EROWOyY.png,117,25,293,197,Dur
train/BqGdYFfhQ4sOU5Xl.png,61,1,300,196,Sag
train/MGEIcCr7BQbB4xrs.png,36,8,300,134,Sol
train/QWT9FOhLABPyKIUA.png,51,47,300,168,Sag
train/ALFXBdM6k9V1h3EH.png,121,31,300,179,Dur
train/Z3isJg9IBOn3ZHFZ.png,12,5,300,128,Sol
train/UEdiy4khJQHK0ofn.png,116,50,300,188,Dur
train/Bm9hYmhGUGmKxDwK.png,126,39,300,186,Dur
train/HU7Q4utMI0vHMxlh.png,73,43,300,165,Sag
train/DlzjcfKNEmUSyBy7.png,31,42,300,167,Sol
train/lXb5SpRU737FgSN8.png,87,53,300,191,Dur
train/fRkWkCO0r8ZJ6ury.png,66,1,300,126,Sol
train/9A40U8awLxJ2lf1E.png,52,41,300,158,Sol
train/IumhcLm1sbOr4pXt.png,117,51,300,177,Dur
train/PcrxANaDvhRnDlxq.png,92,56,300,188,Sol
train/TI2gNkqMM5nOpoB0.png,81,41,300,184,Dur
train/E5mlbTDFPHA7QX9U.png,69,39,295,200,Dur
train/2Pt5UNQkMzXLtbEp.png,72,4,270,122,Dur
train/5CzwWCDnxKOJz5T0.png,35,40,300,159,Sol
train/5kJec3v9txvrAb4g.png,50,47,300,200,Sag
train/AtfMvZ19yfJJZapD.png,48,42,300,179,Sag
train/5dxMkdp9L1r6Dv8X.png,129,52,300,200,Dur
train/wNuL3RC8AtAW70Bx.png,60,111,300,200,Sol
train/Yux1PtSfRvXafFLT.png,158,27,300,165,Dur
train/SWoqkY88y24jzfHP.png,55,43,300,166,Sol
train/VrHis8ru9xXA5Lqh.png,73,74,300,200,Sol
train/PTjpGk2rKf6mhx9z.png,35,22,300,175,Sag
train/PgQOJNqwh3jq6vCr.png,123,36,300,162,Dur
train/cHA3IuTLuXm10QNQ.png,53,58,300,180,Sol
train/ktot0Gt2YvkPXl1X.png,121,6,300,136,Dur
train/Mwr4GgRRk6BgHDVL.png,117,34,300,158,Dur
train/lOCJEdb3BZAfi6Fg.png,96,37,265,173,Dur
train/CEyvCbffQZzgGEL4.png,64,10,300,147,Dur
train/Y5XFnk5x9pi67RxA.png,57,37,300,171,Sol
train/o2a42Or5QnATFbf7.png,41,39,300,181,Dur
train/caj9PiWZ2BenuxXF.png,56,28,300,154,Sol
train/eaOtD5yLQHTuFTz3.png,101,47,300,191,Sag
train/F0440RDr6eKJusnY.png,60,27,300,152,Sol
train/8X1BUL9w2OMExPy5.png,40,69,300,200,Sag
train/J1xlCySVCiSiwbcF.png,60,17,300,135,Sol
train/yWLbGUHRsGx5ocE9.png,18,26,280,162,Sag
train/e6blzPfvGcrcHaKl.png,24,14,300,159,Sag
train/itXNIVO7ghl2qja8.png,40,29,300,152,Sol
train/2IOsxsG8AaxntdJM.png,14,33,249,162,Sag
train/0bioBZYFCXqJIulm.png,100,40,291,185,Dur
train/FFGftZrGnvN8rRqN.png,24,59,300,185,Sol
train/pYbu2Q82tjh9AGkt.png,105,41,300,178,Dur
train/3dI7E5pwR07mvKvF.png,40,50,300,171,Sol
train/dxfucopsE3UFuH28.png,104,35,300,177,Dur
train/bvMd98SEEKS3YxmD.png,79,40,300,175,Dur
train/Lmx5I567tGyQ9HYi.png,50,45,286,174,Sag
train/yga4KN1EfpYG2u9w.png,136,16,300,164,Dur
train/yF6HU2xSYYVTtH91.png,123,21,300,150,Dur
train/dkrdiLQ61q78gidZ.png,48,45,300,168,Sol
train/qguumDPZwrNl7e1C.png,87,73,300,199,Sol
train/1oKnUgV2CdCaQUUX.png,48,55,300,198,Sag
train/Kp9F0tIiHIT310h6.png,128,34,300,156,Dur
train/3sKeYzYsjbWQVhc4.png,36,21,300,168,Sag
train/poCFGCxA1Vb8ucxm.png,74,16,300,136,Sol
train/yt2EhLUQ7yDuIlG4.png,60,1,300,163,Sol
train/pfyaiU10n2EvAwgw.png,50,62,285,199,Sag
train/QmIo8xYOtQcTMJlO.png,46,61,300,168,Sol
train/TxkHaqZ5Mg3Jfs80.png,42,90,300,200,Sol
train/gIuYTYdTVKnNAc5m.png,128,27,300,162,Dur
train/nukdu4gV8vol1FY9.png,64,24,300,145,Sol
train/fu07mFhmsJAtiPwr.png,117,36,300,159,Sol
train/LHgGYA3vlHkUXzID.png,86,17,300,161,Dur
train/6TMYdUMhaEWHQOcc.png,75,17,300,150,Sol
train/1WuMUpzupKs67q29.png,87,33,300,171,Dur
train/yC1FoVJ7cUxIEfBc.png,48,21,300,157,Dur
train/PvAvhK0mbyEq1fcC.png,93,74,300,200,Dur
train/2uVMdMj10yjpR6Py.png,121,11,300,155,Dur
train/OavUnCwAEACzIK0A.png,126,25,300,134,Dur
train/gzAhbz3S2W0VukHE.png,48,31,300,158,Sol
train/GksMLm2b4t6sUYzY.png,145,37,300,170,Dur
train/LYirpnRmbCGN6T7O.png,44,57,300,200,Sag
train/Mc1ESNeg86L6CLRe.png,71,58,300,198,Dur
train/crYtjQcVKQjCAWYq.png,64,35,300,179,Sag
train/nGxiCAryWhadfu7W.png,45,1,300,200,Sag
train/NlFsco3hpee3X0wS.png,140,20,300,160,Dur
train/xOdLJOH2sxWkgRTS.png,27,16,300,134,Sol
train/CrEzO2508GiIMFrx.png,58,25,300,183,Sag
train/5QHP8zydBsbWyt4T.png,42,38,300,181,Sol
train/FPa2M1e589cxIyfR.png,157,1,300,138,Dur
train/TJUiCdN9LUl2xPSE.png,61,31,300,154,Sol
train/2V5E7uHmAh9eK0qt.png,155,43,300,166,Sol
train/AqNY2b7NX9Ce3CjZ.png,41,14,300,184,Sag
train/ZPjzBZeu7RFCMj7A.png,22,24,300,171,Sol
train/zrrYLvM2uywyFwRy.png,167,19,300,162,Dur
train/F4iIoT06hTWSuSs2.png,33,1,300,127,Sol
train/ObnNNP8S6dH3IxIS.png,48,21,300,169,Sag
train/fMQzh7RRM5fbtBiC.png,82,38,300,179,Dur
train/BdMHRwUTJ4FI4uPr.png,38,19,300,140,Sol
train/uK8EXLN4mejf6aN0.png,140,8,300,151,Dur
train/wKb3eKZpMml0XY9D.png,26,46,300,159,Sol
train/PObNJKVS6CGp8t2M.png,58,32,300,157,Sol
train/rgLz5OE0s6JRcfiu.png,63,49,300,176,Dur
train/ehzdlf5B1HtVgpRs.png,22,31,300,170,Sag
train/kC1AoCFrvaMKlTDk.png,11,9,300,143,Sol
train/68QZtdP6UaIcIE55.png,28,39,300,186,Sag
train/3JN7OPsnxDBpcVeD.png,19,26,300,167,Sag
train/RmJmYq6VCNrrvi2l.png,49,19,300,190,Sag
train/Q8idpb4gCSAWs9YH.png,54,37,300,173,Sag
train/Lx4Xy1Odplz4I1u8.png,59,30,300,150,Sol
train/J0FIl8T1zObZcenP.png,107,20,300,144,Sol
train/z2NDPC5oc02bXnnK.png,84,1,300,140,Dur
train/r2sdyTijtdmySs6h.png,97,27,300,140,Sol
train/D9nbrQLDSgDMNh3G.png,65,32,300,184,Sag
train/cDveaur4dR2ZCCo8.png,14,35,300,164,Sol
train/JOwOktLqjDF0qFIW.png,47,58,300,165,Sol
train/RhZBWRRTO5Uen1Yp.png,46,2,300,130,Sol
train/dZ6rscIYTbmlwVZE.png,70,33,300,171,Dur
train/XwaRRl8CwYMJKx95.png,129,37,300,168,Sol
train/M8g1dW2y0mQxe3OR.png,39,45,300,179,Sol
train/2F8Ng7620ANA7tEK.png,65,30,300,200,Sag
train/FfCLY0qhfyOoyam8.png,71,17,300,144,Sol
train/DxBmPozYTIgMWX7j.png,101,58,300,200,Dur
train/q0tN60NS2kZFBzts.png,55,33,300,157,Sol
train/CHf3O6SDtuPbbD0s.png,15,9,300,159,Sag
train/bQO2dBIReHsgMCBi.png,82,34,300,166,Sag
train/cJOgpmKKBSPdPSeD.png,103,29,300,161,Dur
train/OWzxS6m9SGpk1bnY.png,129,1,300,151,Sol
train/KAyKztBfGIWm4qN7.png,33,44,300,191,Sag
train/aa9v011U1AB9hK5v.png,107,64,300,200,Dur
train/1COBZEE1ALiJIivQ.png,131,56,300,188,Dur
train/E4kPnJ376NIwG4Mh.png,136,34,300,168,Dur
train/smfqjL7LuLnrPqo1.png,155,26,300,166,Dur
train/jL3CMVgsLdWznnKe.png,73,75,300,187,Sol
train/M6PgmHZxElc7AKM5.png,56,27,300,151,Sol
train/9wjorYJt2c8t6y5Q.png,129,27,300,150,Sol
train/PYmGQFC1zj7mP3vh.png,60,34,300,189,Dur
train/8NNPWO3e2oNq8lg9.png,15,51,300,200,Sag
train/MW1oWcAD7q1t0Ie6.png,81,1,300,152,Dur
train/UqMn3TJPZRf0px46.png,39,35,300,172,Sag
train/HarpXSxVfoAJ9cFe.png,15,46,300,200,Sag
train/KSNET1XTWbrg5Rcz.png,72,60,300,172,Sol
train/VkRNUIG8Q54sx8r4.png,122,17,300,140,Dur
train/ntwoVP9pgUbs3LGq.png,33,50,300,173,Sol
train/BRCnAE1A7rvm7o8V.png,53,27,287,158,Dur
train/XPvABb1iOSQx69Dq.png,50,40,300,153,Sol
train/uFQ3SN5QxNyXoBmx.png,79,12,300,134,Sol
train/2JRYQXb5kmlhgD5i.png,112,22,300,166,Dur
train/HYIh5ipF4bN1futQ.png,33,36,300,168,Sag
train/W9JxpjHtiPBtRMT0.png,77,35,300,148,Sol
train/9Xi2VuW7sti2BV2H.png,103,15,300,160,Dur
train/Tp8sMtigMXoyabfq.png,115,38,300,182,Dur
train/MFG70ohG4iZ3xm3b.png,50,32,300,151,Sol
train/jWUoY57nkFKUUdD5.png,44,63,300,200,Sol
train/qhhaVBNDIWDdNR2Y.png,21,44,294,177,Sag
train/Vn5KkLfrFuLeRyKZ.png,52,54,300,173,Sol
train/bn7yju6XvU87slzH.png,29,53,300,173,Sol
train/4burI8a7jyfTRBl6.png,94,45,300,184,Sol
train/j3c7JHbJwmnOq6cu.png,62,25,300,149,Sol
train/CJ3BCSOVp8uzaPnY.png,52,50,300,188,Sag
train/cWKDIx5D1KB0zqjF.png,69,1,300,173,Dur
train/AiAPUXqX24FjC0mU.png,175,3,300,157,Dur
train/45ho1tx7W1LZB0DU.png,40,44,300,173,Sag
train/2DEYFsJ27UgVqv3W.png,67,40,300,160,Sol
train/jAh36hlZLpECSBHp.png,39,43,293,174,Sag
train/4aWP3XumkgwZtqZ7.png,45,24,300,155,Sag
train/HLeuB19sXYxS84Gt.png,37,9,300,136,Sol
train/pRZml1c5DSIzYVxA.png,41,31,300,162,Sag
train/CpDMCILKUN2AUA1A.png,79,1,300,200,Sag
train/U6bMgGB3gf9rMBvE.png,101,36,300,160,Sol
train/sY2021zJacpvGLBT.png,153,39,300,168,Dur
train/k24NaH1jhXog9y7y.png,81,47,287,187,Dur
train/m7ELYBy0O4wx0YqJ.png,93,71,300,200,Sol
train/C3j6RdTEo4jf6Cr4.png,100,26,300,166,Sag
train/Rxmuq5Y6dw22QESt.png,51,42,300,178,Sag
train/fYsFOMTEQ0VIy1Ma.png,52,21,300,151,Sol
train/MmzlgKI366LYX3fe.png,13,53,300,193,Sag
train/n9SDT7R9BSLRNCe1.png,85,67,300,199,Sag
train/pYvpGm431tLNheln.png,23,13,247,148,Sag
train/QLXEsveWG3vywKfy.png,86,1,300,155,Sag
train/glvH49YVWOtxdOyh.png,21,48,300,169,Sol
train/PJxEXjRb0K0Mpgsz.png,47,69,300,196,Sol
train/vhpXMTOidZb7yqb8.png,75,36,270,174,Dur
train/1jKhi65BPTLXnUI6.png,81,39,300,154,Sol
train/Jr45GnbiZqBa7TLX.png,97,30,300,169,Dur
train/dxFGJyDhnNu3iOmm.png,132,46,300,172,Sol
train/atICt4otp6p6h31G.png,36,3,300,150,Sag
train/lpmH56YGWEHsmhBi.png,107,30,300,184,Dur
train/hzfrafUqDDoL0esu.png,54,20,300,158,Sol
train/EfKcpzUsdKq9J3VN.png,129,39,300,177,Dur
train/7cNxwgrraQGeA1LA.png,82,19,292,160,Dur
train/01dM3ewPIsnBICu1.png,79,36,270,176,Dur
train/MfDDFjVkEdWKPi2X.png,47,20,300,147,Sol
train/8rqHdq10eHPzVV4N.png,24,12,300,139,Sol
train/wJNyEIqVDFH8bx5h.png,36,20,300,127,Sol
train/JsrOSaR3txTRu3I9.png,75,25,300,173,Sag
train/2tDgPZGqbrw95j39.png,61,42,300,180,Sag
train/B6dJfDThlXx80Uk6.png,35,41,300,178,Sag
train/FcIIjteQItMuIuRa.png,53,22,300,169,Sag
train/Rk0jnjn8GxT17vIT.png,95,78,300,200,Sol
train/9zuFLFklb0ibEelE.png,109,51,300,200,Sag
train/hyWWmz1OwgoE5JlU.png,126,23,300,182,Dur
train/ZUROGMkonFX6dWC9.png,93,36,300,175,Dur
train/G3WzvjZXkizn9iK9.png,62,83,300,196,Sol
train/loXdJgVrbcZGFjas.png,118,15,300,140,Sol
train/2O9XPBJRT119drWX.png,179,49,300,197,Dur
train/rBGSBjzYhvdPSDV0.png,101,35,300,173,Dur
train/cuDzhxpWujBPgJmX.png,46,27,300,169,Sag
train/VxODCZVhiNVfWsLj.png,69,26,251,200,Dur
train/rLOijBMEYIaQOL2x.png,121,42,300,168,Dur
train/9txR3KPmEGdjo4A6.png,89,16,291,153,Dur
train/7PSJU8kbZf8S6FRW.png,60,29,300,153,Sag
train/PxixapAFqLmRaP6k.png,77,7,300,150,Dur
train/F2MYeViv785ejIrb.png,142,14,300,153,Dur
train/tV2VtZHsIL8Gj4TC.png,96,37,300,177,Sag
train/tMiH4tj8YffHNl0O.png,107,20,300,163,Dur
train/kP93zKVUzAJpIWpV.png,87,48,300,167,Sol
train/FzdAQgBSi3eRbR4z.png,28,67,300,200,Sol
train/tLHK08LTpqrSPnkX.png,22,37,300,163,Sol
train/nGW6IQjCFT5tCw6j.png,90,29,300,169,Dur
train/eJ9GdFE4kzE0t5zh.png,33,28,300,150,Sol
train/3Umm2S8TUyEpkbCY.png,100,21,300,178,Dur
train/3tNHP8R9YHru011u.png,80,6,300,152,Sag
train/nvCwoV9k3ym5N0JA.png,63,68,300,200,Sag
train/KP9dgcRNzQE9tV0Z.png,82,30,300,185,Sol
train/sZiHU8vzCRw4Z2jg.png,53,39,300,178,Sol
train/MdKQlVomcJJ6Z1GA.png,30,24,300,140,Sol
train/BH9zAUdmmjlfXwtS.png,43,44,300,160,Sag
train/7YpH9C6XA1GIbSum.png,101,42,300,180,Dur
train/6TEsyzE1MEK6Xg31.png,104,41,295,174,Dur
train/XyUSCoWQqR72pGt8.png,111,25,300,178,Sol
train/IoVOalbQe90ghv9U.png,78,53,300,191,Dur
train/6HsTnF20TAnDZiRT.png,65,23,300,168,Dur
train/Qm3EaazkLKL9qJJz.png,71,42,300,168,Dur
train/KPJ371erJ0RUKNAX.png,63,18,300,149,Sag
train/ainbAijlBiMxQcNq.png,53,66,300,180,Sol
train/rrSpAVrlixKrTC1T.png,50,65,300,194,Sag
train/HnWLgtGVbnoPAaMK.png,68,54,300,200,Dur
train/8vkvSVmLwxY1SH3p.png,100,59,300,196,Dur
train/ldG6HLXeY0KilKyr.png,66,24,300,200,Sag
train/XC8NJo82qJO44Nim.png,77,24,300,173,Sol
train/eBU0DmyWZu3WLjSO.png,41,39,300,184,Sag
train/kdPdOkLZZW1UnOPw.png,84,33,300,200,Sag
train/9WQaDoiIDC4zGPr8.png,75,15,300,169,Sag
train/wxHuDLxKADn1JJqS.png,47,47,300,171,Sol
train/dpmWj9s5ily8GuyY.png,40,45,300,166,Sol
train/eLNpUj2AZ1h4Mrxu.png,119,19,300,156,Sag
train/N1OyHVPqxT0iO0vF.png,62,41,300,168,Sol
train/eCpHvcUt4r7A9xJE.png,56,33,300,167,Sag
train/mwbC6miMP5CXTp3a.png,88,35,300,174,Dur
train/zdo3LHesq3aHmu1f.png,23,41,272,200,Sol
train/IY2XFK2Iinzy6K4i.png,132,38,300,166,Sol
train/xioDLxSWnSZ5sDbQ.png,60,57,300,186,Sag
train/s4dtRIGK3emNyjrO.png,39,46,300,174,Sag
train/IQZU5YimtmEB2sSk.png,97,43,267,166,Dur
train/a9YV7Tzoj751vTun.png,22,69,300,187,Sol
train/zepzkaBk60xgpP3C.png,36,44,300,165,Sol
train/AYfr1pZxmZyZaXWu.png,59,1,300,175,Sag
train/ak3LcYS6c0jfzncs.png,28,43,300,162,Sol
train/UCZq5Q5ovMiGJLwX.png,128,54,300,189,Dur
train/HptkIYoVoE2yV9Yk.png,116,7,300,151,Dur
train/82wZr9Bpl9vfsoG1.png,129,18,277,172,Dur
train/RkKc61MLjm4clTPg.png,52,26,300,165,Dur
train/gRiBjZUJv5LqQXYZ.png,86,20,300,171,Dur
train/os5rNj49BIDCwHLD.png,181,25,300,158,Dur
train/HAz9geTMx5aynaaE.png,114,45,300,198,Dur
train/NS5CJKNsJa9jr5j4.png,12,13,300,156,Sag
train/BpCDUnGgYRS4T8IG.png,51,29,300,157,Sol
train/VRUsuwjXjZtW1Kaj.png,123,32,300,152,Sol
train/mmLhBFvXWgD957XY.png,45,23,300,156,Sol
train/MLURv7NBoSPK4f1h.png,27,39,300,178,Sag
train/R9GlL5dx9nmjXWlS.png,98,45,300,178,Sol
train/UDihI8vQDjvGJRjO.png,65,32,300,150,Sol
train/bxn0wMR4QebqVl62.png,63,54,300,196,Sag
train/FKhLHIIqEsYmoZxy.png,13,50,300,191,Sag
train/FltCm1ep2lcnsOYz.png,44,24,300,200,Sag
train/9yGlnLxGtzq1gJti.png,17,53,300,189,Sag
train/aEjSJwrTtf651GLm.png,98,32,300,162,Dur
train/Lq77eAG8OPaizwEd.png,19,35,300,172,Sag
train/U3XlUGS4C4YGpjGP.png,31,39,300,184,Sag
train/HkBUo9kQDJho4uor.png,46,25,300,165,Sag
train/uCt8rigwmrP07ZVr.png,90,14,300,151,Dur
train/GsInYLhWgEFn0geb.png,130,45,300,186,Dur
train/nPGqkGXIocWAZgzO.png,83,44,300,166,Sol
train/mdSPppG9v9OmnIyY.png,33,39,300,165,Sol
train/TNOQ2IEy4C6LBSD1.png,46,47,300,171,Sol
train/CiZDoU3BINzzruL8.png,98,45,300,165,Sol
train/WOMFIvaWB3TEY6Gl.png,35,44,300,165,Sag
train/AMewmfMVCnLfbuNr.png,134,44,300,185,Sag
train/ik80sIT0Ao6APY3M.png,78,8,300,127,Sol
train/kVKp9kJji4urjoMs.png,61,50,300,171,Sag
train/4hcthlc3eCByBJFh.png,24,27,300,191,Sag
train/nNB5f3VARZAaHI4U.png,108,8,300,139,Dur
train/bX0QhJtFkkDn1bEw.png,151,48,300,182,Dur
train/YTAomJ0XCIRzqKKX.png,51,48,300,156,Sol
train/KQqIoVT62pLqhEGR.png,89,42,300,179,Dur
train/aRca3k5D1oCHVx0h.png,72,20,300,141,Sol
train/goDBJj8kMSQbpQZT.png,207,63,300,200,Dur
train/M5u2FmtXKSMtK8yN.png,16,1,300,138,Sol
train/1Io5Ksm3bqy87EAU.png,104,36,300,151,Sol
train/gpipGA62xfMjfr8O.png,53,33,300,155,Sag
train/VD4twqBeFDIHSovy.png,18,19,261,151,Sag
train/LvqSpAbFMyQ1H0Ms.png,98,55,300,189,Dur
train/xBWG6t5EvReNN7mW.png,93,42,272,159,Dur
train/aB0M38mmr711uzAY.png,116,13,300,168,Dur
train/8isFA2VQqLOxzuvC.png,45,54,300,178,Sol
train/i5FY2iOcMjYyop5u.png,116,61,300,200,Dur
train/gR2aEiEX8CzCtyBN.png,37,66,300,193,Sag
train/iVsm6EbRk1J1cEGN.png,110,22,300,156,Dur
train/Nbdg8g0X7rioOzQT.png,63,59,300,167,Sol
train/wT8z7icdMJt816Ix.png,145,98,300,200,Sol
train/gFqfkMtX39sTkrSB.png,41,40,300,175,Sag
train/twG9gv5cSKwb2CqR.png,107,31,300,160,Sol
train/nx0qhNSB7YMLfe2E.png,82,12,300,136,Dur
train/zz1yffW197uYO6DI.png,45,35,300,177,Sag
train/j31qLVBZfstRnWsA.png,111,33,300,158,Dur
train/TlnoQ46NyW8oZV07.png,69,38,300,200,Sag
train/gzRmdTIFRzV34Vjl.png,43,30,300,147,Sol
train/bdO9pxWWsTRxmT2z.png,92,30,284,173,Dur
train/P3sJVlVAylvpky7E.png,30,36,300,160,Sol
train/PHtj2zrPulp3AIKv.png,115,21,300,161,Dur
train/v4pz2TAsHhtNtTAH.png,131,34,300,200,Sag
train/fiivFS9iUjynQIB5.png,49,15,300,174,Dur
train/JbnPCQTbu7AS9jvo.png,65,32,300,154,Sag
train/zyml8p6mHzWWJTyw.png,33,9,300,137,Sol
train/3n4i3lKB3nZOpDVv.png,17,55,300,200,Sol
train/n10pI9JDPyeM0P73.png,56,1,300,170,Sag
train/UOBPeuMnZRb6Ycug.png,78,34,300,169,Dur
train/mV9vc1ITH1PrrbF8.png,65,30,300,155,Sag
train/81eTWj04M9fRjy51.png,55,38,261,163,Dur
train/fFnXXczN4qqWFcsE.png,82,57,300,173,Sol
train/YaRk8v83K7BQmi5G.png,46,43,300,174,Sag
train/cUFSYeNYdnhRB6MD.png,56,45,300,196,Sag
train/uHBQbKd9VTYWdctJ.png,51,11,300,200,Sag
train/3MSy75FXVzhhLg77.png,94,24,273,150,Dur
train/0657zSfiTYzP2jrl.png,72,46,300,182,Sol
train/wytuIz48uLeDoGqz.png,72,46,300,191,Sag
train/jqMSEFiMhpIWzJfe.png,125,28,300,200,Dur
train/FVTXzNJQnU231QXO.png,101,47,300,175,Dur
train/EvmNpXcSU8y41PXX.png,87,32,300,162,Dur
train/TzhAea8QXqJwqpUY.png,21,1,277,138,Sag
train/JraYBjsfVGokNFhR.png,56,26,300,146,Sol
train/94oKRQFyit6SANlq.png,110,80,300,200,Dur
train/tpIDNu7Hg6k1SZef.png,58,11,300,136,Sol
train/qnvJFE0EKgfw4xr8.png,132,36,300,180,Dur
train/256MrhkDete6aQhP.png,71,39,300,156,Sol
train/ru1tyCfPe2JmorzL.png,59,2,300,129,Sol
train/veIFAtZUg4WYjn3N.png,45,36,300,178,Sag
train/5VvYOvnkxKc8PIog.png,41,12,300,132,Sol
train/qT0oCJChnoVWNqC1.png,112,53,300,177,Dur
train/UElo8u1bUerF3JNe.png,66,48,300,189,Dur
train/dDtRH0QF7IPSsasH.png,82,7,300,168,Sag
train/CwFaCN3ykqwQ6KZV.png,33,20,300,152,Sag
train/AzWs0iUTTu8bLtsw.png,111,52,300,189,Dur
train/qKPJSQplDj0grFPp.png,177,64,300,190,Dur
train/VOgDVSfapx23t5tA.png,131,49,300,179,Sol
train/eBjRjXUIy7fpUaRy.png,49,1,300,137,Sag
train/M4h0o8DAzyOpmgSM.png,28,25,300,161,Sag
train/QnjBVl6cFnyd2hVF.png,47,44,300,174,Sag
train/2j9iOcnxJzcyaFB5.png,75,23,258,170,Dur
train/otBEUIQNFGMk80vF.png,12,1,300,125,Sol
train/inP9wrbC4x26yBW9.png,25,13,300,131,Sol
train/JNPDbgVUhQbrurMZ.png,48,28,300,151,Sol
train/L6O2HLgQIo7XdfdU.png,65,42,300,152,Sol
train/LErff4WDwhjsYG8Z.png,57,43,300,161,Sol
train/RRarqefXkioSeU1z.png,20,23,300,143,Sol
train/FSJKz70kgKxJyjjl.png,52,52,300,180,Sol
train/fSWSXO9fumLluiAF.png,69,41,300,189,Sag
train/c1rdxANL8E7yG3ZI.png,139,45,300,177,Dur
train/9bQFlg61mt0akPoM.png,4,4,300,135,Sag
train/lJTADoCRRndhoR4k.png,109,1,300,126,Dur
train/rit0UhP5HizIFoJA.png,60,45,300,186,Dur
train/ELmZ4ELVncvjq7J6.png,122,40,300,200,Dur
train/gN9QXTe8BSMMHyAn.png,72,30,300,185,Dur
train/qQim08vMQ6OUCtbR.png,30,44,300,170,Sag
train/9a9TiJDB5oAWqO9U.png,93,4,300,139,Dur
train/KNNsNhduqSfuqEK5.png,99,60,300,178,Sol
train/YTZfr87ETKYNkQRN.png,96,1,300,158,Sag
train/d5FmD95HmhodiITj.png,10,33,300,165,Sag
train/xhK87JYV3RYJYhA2.png,104,47,300,180,Dur
train/FopS2RV432i19UVz.png,95,46,300,183,Dur
train/QKlibCXvATAv2H4i.png,70,34,300,176,Dur
train/JxhewAxaOg3wB1gA.png,101,20,300,195,Dur
train/qM0f6IJPDfLRpo1d.png,64,77,300,200,Sag
train/Z4HE3jW7SMOonYFA.png,51,18,300,154,Sag
train/sYwtAuLI5zLIEfJI.png,81,34,300,155,Sol
train/ywXiLajxMzhy7BST.png,46,14,300,151,Sag
train/g9lqYZfHWUb3cm08.png,34,26,266,168,Dur
train/fnV8zv0atHjQzfhV.png,49,37,300,152,Sol
train/CTbANISUvZMD2T4L.png,83,38,300,153,Sol
train/NSv28DjjZXJ8mvhi.png,11,33,300,144,Sol
train/ZGQV7rFVePreAdOe.png,51,50,300,178,Sag
train/xxUPxq2BY6NvCmP2.png,98,1,300,140,Dur
train/tY10CBYriMn4lsUO.png,87,24,300,144,Sol
train/xsM5n0KOqwb5R58V.png,74,50,300,189,Sag
train/XEmNGqnMFMoeRQRi.png,114,31,300,169,Sol
train/JDZ86cNk15r0NTi6.png,88,48,300,177,Sag
train/vL6UMd1OOIGuEdFu.png,66,40,300,173,Dur
train/FQKAKSGEI0OuRQhh.png,103,55,264,180,Dur
train/PWtGlvRP69nLSr9F.png,56,31,300,199,Sol
train/QF1S0sqb6YGe4GNP.png,158,47,300,186,Dur
train/hfNIdhXfFcNcv37n.png,97,32,300,170,Dur
train/O17SUMTLj1goVg1L.png,21,21,300,144,Sol
train/yxZyXGFCtnDwavIo.png,114,30,300,200,Dur
train/Wcg4nsnlWrhxgyJg.png,87,33,300,200,Sag
train/StyclBeCFwYGuttl.png,7,47,300,190,Sag
train/SEKWYxTtThyvg3UX.png,111,38,300,179,Dur
train/XJlnAmd0Rb4GNRxm.png,2,23,300,185,Sag
train/0RA9rcrv8iVvuDDU.png,21,1,300,153,Sag
train/QQksMNb2czxqfTF8.png,69,1,300,149,Sag
train/ejrBEOeknHrk4kCi.png,67,25,300,149,Sol
train/TfQG2fJYyDv8Ic8P.png,93,55,300,175,Sol
train/e6cXS0w2KOKKEYZU.png,79,34,300,171,Dur
train/v6wOWeRyh3Sv5BXo.png,172,60,300,188,Sag
train/6TC3PefZj9PxEdqz.png,108,63,300,188,Dur
train/mfrG6yVMg6CEzoCN.png,44,19,300,154,Sol
train/jZe5ePOjxcQEJitP.png,21,34,300,163,Sag
train/ad5rtBQRrXNma3u9.png,135,18,300,157,Dur
train/KSueOZE0QWbJClvK.png,47,16,300,148,Sag
train/nmxmRD1050oGpGEa.png,118,51,300,192,Dur
train/ojF0xyUvkvV3iujz.png,29,46,291,180,Sag
train/Wy9ESbYGxHgmqy9H.png,85,49,284,170,Dur
train/szaSwJITsIY88vQk.png,24,41,300,159,Sol
train/IOa7xROJIqP2jRQE.png,117,27,300,168,Sol
train/nfqbRmCrRbEXjgfb.png,52,28,300,149,Sol
train/SNEJ1wGU1s9Dm3I1.png,83,21,300,152,Dur
train/i0pYFjwidPeBL3je.png,51,47,300,156,Sol
train/qblMZUcJN3odjQlm.png,42,24,300,165,Sol
train/vPvoQzBR7Paf5Jml.png,23,1,300,188,Sag
train/GA6w6DqplIPDNDeO.png,39,37,269,186,Dur
train/dLkgXxZJ7KFoD4Ky.png,81,28,300,161,Sol
train/RydyYWgvhLQPwEaw.png,51,20,300,140,Sol
train/7xID6kq32pdkEBIe.png,85,26,300,173,Dur
train/8AR7dUmrz9jcFrHu.png,52,55,300,185,Sol
train/udR0gHeGBkkQVGlr.png,143,17,300,152,Dur
train/SDUe3SDAEKYJId8m.png,106,31,300,170,Dur
train/P89hjrsbJroQJg19.png,70,45,300,158,Sol
train/tf8qhgtb5y3S8UiF.png,82,50,300,175,Sol
train/nS9fHg3r4luGv0mF.png,78,45,300,169,Dur
train/WuAzBDRg8CTEJS9v.png,75,19,300,152,Dur
train/DqakRofDCq0ryI49.png,37,30,279,176,Dur
train/kdSoBBdU2T0eoWR2.png,50,35,276,173,Dur
train/R27mU9zJCmv8wi1o.png,75,28,300,169,Sol
train/JRZTPL2YQ6cfIMh9.png,57,36,300,171,Sag
train/B4x3aTJOO6e3BIIX.png,128,6,300,165,Dur
train/tZ8TlcDUMWqENtfF.png,77,90,300,200,Sol
train/kS7mPmAkxkSxs1WR.png,112,1,300,139,Dur
train/46fOqpoVsNjc9m9m.png,36,55,300,174,Sol
train/esPjow7BN3RXc4gk.png,52,14,300,144,Sol
train/oxyMOfWC1lQU6dRf.png,64,50,300,164,Sol
train/cf9L4KKsfsFpRrYA.png,56,35,300,167,Sag
train/WoSeauZwsvZTvL5B.png,130,38,300,167,Dur
train/1wZUIsowmZRmESjh.png,96,44,300,154,Sol
train/KfZNOowxVhhRLrza.png,40,55,300,170,Sol
train/e96cq72UJTICTkE0.png,45,51,300,186,Sag
train/yoses2FRtQruYUYE.png,84,22,300,161,Dur
train/MgF3uIzpCPWudb3N.png,170,42,300,195,Dur
train/Mwmjta6k9iqQKKd7.png,67,42,300,149,Sol
train/FyZeQAif9VpbknFi.png,39,37,300,175,Sol
train/FEdPo8Z0t3bB1hHC.png,49,45,300,184,Sag
train/knWd03lNhoAUPdKX.png,18,41,300,165,Sag
train/RCThbCZDuS9DMCY7.png,31,5,300,133,Sol
train/xhKyuxHPC3RnoLD0.png,44,28,300,161,Sag
train/HIo7Eax3OPP5MuXl.png,50,62,300,171,Sag
train/1VoYiUgPE6h45MLu.png,117,34,300,177,Dur
train/vHbB53ZFtZoNcvAM.png,26,31,300,178,Sag
train/Eolm0Lo5dzVwDYqB.png,52,33,300,166,Sol
train/kM3ks8HWMjhbBPWU.png,31,21,300,150,Sol
train/q936z2wWrJh1ITTp.png,50,54,300,173,Sol
train/DJQMlkIuVBNMoXMX.png,57,49,300,160,Sol
train/4E0THAnIciVeLK79.png,83,47,300,171,Sol
train/0Uomd0HvOB33m47I.png,46,35,300,175,Sag
train/2NmrcDGkc7FQuu12.png,88,18,300,198,Dur
train/UCkxupMKtpEo5qdk.png,87,70,300,199,Dur
train/AfvIbTwxuG0q7Ij1.png,57,35,300,169,Sag
train/bVzc0yl2Cm3xkOgB.png,53,40,253,199,Dur
train/mRlkMzgNq3PxHHe4.png,18,42,285,166,Sol
train/yt9k2pmBRzMEXoee.png,129,51,300,181,Dur
train/c4FpTJmUl8wtm4n3.png,23,20,300,158,Sag
train/VcyQqsyvtkuKXWWz.png,51,42,300,167,Sol
train/a0CaFEDoDB7qeyhN.png,14,48,252,177,Sag
train/IcqtnpGHgStAPMXM.png,85,21,300,166,Dur
train/LHW5Ms4SEAGtveh5.png,45,6,300,125,Sol
train/n8IzyztMwnfa5rjf.png,52,27,300,159,Sag
train/1UXuUYJ4rVj2eSvt.png,103,23,276,170,Dur
train/oAvUHooYsSpFid0p.png,42,29,300,140,Sag
train/Xghl7QyFQxkC7zNQ.png,68,22,300,137,Sol
train/kiUc9msxBC2UZJ5g.png,136,22,300,168,Sol
train/1MMkSW3f1CAsw03q.png,85,52,300,169,Sol
train/n8R1AoBrBUeqH7wZ.png,48,22,300,137,Sol
train/Ym1qa4AJM9udyyyL.png,121,16,300,150,Dur
train/Mi2FjtLVdVgcJHxP.png,154,42,300,172,Dur
train/Af7KstxKjdhzUQyk.png,22,32,300,167,Sag
train/84UHPxArtBOr8GF2.png,171,65,300,200,Dur
train/Ea6A81oe4Ria2MW3.png,38,54,300,190,Sag
train/ZzIlyDP6opy9ifkB.png,17,37,300,167,Sol
train/psMU7A2lP3JHiyjV.png,36,1,300,165,Sol
train/koWcxNMbMRN8TxnP.png,58,50,300,175,Dur
train/Nu7zmg5BP4aU3e3Y.png,60,33,300,160,Sol
train/rzLjaOMLU7vbZnPH.png,68,45,300,170,Dur
train/oHI3A0mSiVVJTSo6.png,106,25,300,163,Dur
train/I17M0iKd7oKgMtDw.png,64,24,300,140,Sol
train/how0vUOltuU1m495.png,119,57,300,200,Dur
train/5uXiqEc4q2Vi0NCX.png,140,62,300,200,Dur
train/dyXtUOfqM9sxdcXr.png,68,44,300,180,Sol
train/jwdItCvoNRkssn6D.png,24,26,300,157,Sol
train/JXD8WyY4cQoEyvtU.png,134,17,300,147,Dur
train/PKilVWkKw9dYVTMx.png,52,56,300,172,Sol
train/qEeUSbz2Np2Qin0G.png,60,27,300,150,Sol
train/coKLsdqkvkYUv247.png,56,69,300,200,Sag
train/bqpOIN5gUl0r6vIS.png,97,28,300,162,Dur
train/RbjC5b9sd5JtTlOf.png,46,43,300,176,Sol
train/dowAehk6HVomDGpw.png,39,41,300,187,Sol
train/kVwUUOjOc6VtZVMt.png,121,34,300,153,Dur
train/yB4dN62hOf4QeWGy.png,90,37,300,200,Sag
train/qhd04h0tECbOylIV.png,89,57,300,172,Sol
train/Xu49k2rxvWRflm2W.png,48,21,300,152,Sol
train/y0ZTIzS3rpKagERb.png,74,7,290,149,Dur
train/oqJ2wJHOLMGGxdjF.png,30,20,300,200,Sag
train/v6Ypsa9vPurMnl20.png,71,46,300,149,Sag
train/Zo0eTAGaUb4ewSkf.png,156,94,300,200,Sag
train/kW4W7E0A1Wpo45eL.png,101,11,300,154,Dur
train/yMcXpAajchPmSbnw.png,39,38,300,160,Sol
train/sAEYBhcNfJgAZTD6.png,47,30,300,164,Sag
train/sUi91SccB2jXsjyd.png,32,7,300,121,Sol
train/dmT5g2m3meABNfCJ.png,49,34,300,176,Sag
train/r98ovEGxFpCnVnyy.png,21,45,297,176,Sag
train/Yzx0RwB2AFNAvC6s.png,126,47,300,193,Dur
train/1UojLz4CrT2G1Eo5.png,69,27,300,140,Sol
train/muKpkJF3C3j0TmAN.png,89,21,300,158,Dur
train/msOEQAWveiL7r5rp.png,51,47,300,171,Sol
train/6HFAfRozG6L6n9fl.png,162,3,300,138,Dur
train/C5LDaiOquQm9mDVH.png,37,41,300,176,Sag
train/iQ8Ef3yZ12whKccA.png,101,38,300,181,Dur
train/9hKJu3ZMso4Qbtfh.png,28,28,300,155,Sag
train/724DhutGELMHY1uD.png,149,25,300,162,Dur
train/PwkqvoT0noMITNaF.png,97,31,300,191,Sag
train/rSRKkten7Ffx6bEj.png,21,38,295,175,Sag
train/od9zrr7aF0p8VPRM.png,49,49,300,162,Sol
train/OA0s5AsfJEm96cxd.png,110,53,300,174,Sol
train/E10FR2TKbBsv9Hgm.png,58,1,300,180,Sag
train/1yeoLbmp4alVOtFv.png,56,8,300,200,Sag
train/rYuqHIlnoFtZQJGg.png,104,22,300,154,Dur
train/FYSbYWccrDFMHVee.png,109,43,300,177,Dur
train/av2NxK494nd72Q13.png,38,30,300,161,Sag
train/yPnREvUeAGYRKi7V.png,30,46,300,183,Sag
train/abNcCRBP8z4cNQco.png,123,22,300,159,Dur
train/khmBjKwffAIb566D.png,47,31,300,139,Sol
train/aDk2yxglXt7Xkrzw.png,114,32,300,151,Sol
train/1BqjHe5igJAgUjiN.png,100,43,300,197,Dur
train/2vDaPrc35RGC8nvM.png,44,50,300,182,Sol
train/Klcu8qBjVs676hic.png,87,27,300,184,Sag
train/NRzk5UfsKrSztt2j.png,57,9,300,200,Sol
train/HXxUlm3O2djcDgUR.png,40,30,300,178,Sag
train/9rwmakEj6Wg1YQWW.png,41,46,300,193,Sag
train/tgpoZwVYq6VIfho8.png,84,23,300,169,Dur
train/yJeAgusgncrC0SBZ.png,147,1,300,157,Dur
train/FwR0aXsgOZ5KHDjH.png,38,4,300,146,Sag
train/3k7WrSAInCaatFtl.png,74,33,248,158,Dur
train/UmipL2kv9TdDdryZ.png,53,40,300,159,Sag
train/B3dlyiRDulDJWOsW.png,42,41,300,171,Sag
train/1mnAKQCHEDbtjPX2.png,123,32,270,171,Dur
train/f48wzqwquNrvjICP.png,78,39,300,170,Dur
train/DgzqzxG2Zr26s93Y.png,22,9,300,127,Sol
train/iCLIvwweBESAwx4z.png,69,54,300,190,Dur
train/KqCGmJ8WCrqE5Uvg.png,23,58,300,185,Sag
train/4dpYSXpjYbiH9MSq.png,57,48,300,186,Sag
train/Lui3J5YhKgMvk673.png,97,46,300,183,Sag
train/WtS1aLhJK2FZpcEt.png,36,18,300,129,Sol
train/3MMu7EXUtM6aEtXU.png,46,39,300,188,Sag
train/mxNMUcdf5UjHfyZQ.png,93,27,300,151,Sol
train/uJ286TPihhYw3Y3S.png,67,30,300,179,Sol
train/v7SoU8w2zc8vc7PI.png,119,16,300,164,Dur
train/iCR447ESdUXjdOFz.png,68,26,300,171,Dur
train/UJ5WJEvN4vQ86HKA.png,84,16,300,161,Sol
train/MwjRfqp6Gnh4vHI8.png,103,19,300,148,Dur
train/HWvrWXLQywNe1aCF.png,99,27,300,165,Dur
train/W7LNJeGLwxY8gzGf.png,55,39,250,177,Dur
train/nOTm1e00MAJxvpwp.png,82,46,300,198,Sag
train/sKD8rWd2xMuZQl49.png,94,44,267,162,Dur
train/tHvKVZRQUsqNt0g4.png,135,28,300,149,Sol
train/iKI9Mw3KvEOuuj9o.png,107,40,300,178,Dur
train/X4UIuiTnzUP68r86.png,126,44,300,177,Dur
train/OTf1IyhsDRDSoYTw.png,107,34,300,179,Dur
train/OJpDyt2u6zzfoVP0.png,90,54,300,161,Sag
train/Z1iNm9ej2ER2TGtC.png,136,40,300,166,Dur
train/7gnNbHRprrV3r7kX.png,72,26,300,147,Sol
train/wQC1ZnzFaPmqMzp0.png,58,45,300,164,Sol
train/vgu9DXAirSqwFhWr.png,80,15,283,152,Dur
train/OYgsl2meK8nj0c8l.png,102,34,300,173,Dur
train/tPxruYoQszERdzTA.png,59,16,300,149,Sol
train/QUcJ1QclQwOY50vY.png,36,31,300,176,Sag
train/7Px9USAD7J56woB0.png,157,27,300,192,Sag
train/Nm8PHXHrGlZy0d6Q.png,92,58,300,170,Sag
train/n3ryKsLTPcGhpW6S.png,93,19,300,145,Dur
train/cx9zu6O87PURa2ve.png,89,41,300,197,Dur
train/tlZ31lJJt1OhSr0a.png,37,75,300,200,Sag
train/QnZhnT6KrmNd35VN.png,28,18,300,141,Sol
train/Q2F8cfDaghfz8PyX.png,50,44,300,171,Sol
train/b4Qm4ZK5AAUQo1Ax.png,34,53,300,169,Sol
train/AqQ5Xll9nVqJODji.png,65,36,300,156,Sol
train/Jg78GVOKbbyQchWq.png,162,67,300,200,Dur
train/NR48QMe5e1gskpA9.png,44,22,300,150,Sol
train/55yz6JI9f5DTbq9D.png,69,56,300,171,Sol
train/qNLvry2jUcwSulgu.png,58,28,300,174,Dur
train/JTzFGcfB5wsRyDrm.png,106,62,300,181,Sol
train/bddldJIGmQP5CSLD.png,25,35,300,186,Sag
train/fjITlTb11LELvo3e.png,36,44,300,185,Sag
train/32PDtFdAkUiAJbmP.png,79,47,292,186,Dur
train/x8fNY0V8O2CJ9vaY.png,54,45,300,167,Sag
train/Bv1IS98JTiuZC7Bs.png,40,76,264,200,Dur
train/Jqu0bjUyPoEcMNhN.png,38,41,300,165,Sol
train/VUx1G75w9CbeAJUx.png,38,41,300,200,Sag
train/PiurKNJwniJWLxD8.png,90,27,300,180,Sol
train/1jHtb93pI8f6pfKo.png,34,21,300,181,Sag
train/a8DBHodNOhJCxQrN.png,51,35,300,156,Sol
train/U5WsclDnMxnOTgGT.png,50,41,300,169,Sag
train/nxmKEzuM4rL8EcIe.png,114,45,300,157,Dur
train/W79peyAyfQqNP1vF.png,12,47,276,171,Sag
train/yAEtN7WUvS5S1Cmy.png,95,56,300,193,Sol
train/hly8CYYf6AiQucXm.png,44,27,300,159,Sol
train/mJ0RjteYaLfYLE9P.png,118,42,300,189,Dur
train/iYSPVRaZyIwKTrot.png,79,6,300,155,Dur
train/XWF7hCQnD6qfJUCI.png,41,54,300,194,Sol
train/znZ3UHvUM8ySVpDR.png,91,1,300,182,Sag
train/7Dh4gBDJVdP9tTLr.png,153,24,300,166,Dur
train/nSfRj8Sp6S0GsMVm.png,25,43,277,168,Sag
train/0Ug54ifXRqqlZS2Z.png,105,60,300,182,Sol
train/yM5JZ5J4uLeYIGOO.png,53,29,300,185,Sag
train/TYjJigXjEyiVntzx.png,21,49,300,177,Sag
train/yUhvKMWrPQ9sJ78m.png,33,42,300,174,Sag
train/4yPN1zUFqW6ROTgq.png,78,40,300,180,Dur
train/cfFHU3Y39yeofrTg.png,71,37,300,183,Dur
train/2OCAZGNv2OEzgAwU.png,60,30,300,170,Sag
train/5EUrUn1fjmi3TKE3.png,70,57,300,187,Sol
train/UHyVkisiFMmasl7b.png,61,32,300,168,Sag
train/dIg7Ds4xEzk0pyWZ.png,29,14,300,198,Sag
train/JULz0bpEBDkoMfh4.png,122,15,300,136,Sol
train/Qbn4RJqessetWPHR.png,71,55,300,184,Sag
train/QCHltvmva5vmGrPo.png,35,40,280,152,Sag
train/4VYEe9NSyMlJmXUx.png,110,42,300,175,Dur
train/3wrX8EawcOolzrAY.png,111,36,300,170,Dur
train/JIdgNYR5ymqv8uxv.png,130,38,300,170,Dur
train/oxU5O3n839QvrOGu.png,83,26,300,182,Sol
train/Xt7qc6XbbZ4OcpW6.png,125,28,300,177,Dur
train/SlAF95clUBus3B4a.png,104,11,300,169,Dur
train/4IwJ2iL6pFz5ARWA.png,49,42,297,163,Sag
train/so3Om75mBnUfBdTe.png,156,36,300,177,Dur
train/27XFtQjjXQ8AP8Tl.png,71,13,300,142,Sag
train/7Y69sHtbGL2KHj8O.png,44,30,300,147,Sol
train/WGm4eYxzwqkTKaQs.png,153,96,300,200,Sol
train/iaEybTdfnL0RoU9I.png,122,22,300,155,Dur
train/UW6gS11P3sXF3SBU.png,138,31,300,181,Sol
train/OYBNEmjQC8Uh2cC5.png,73,45,300,167,Sol
train/KtMqF92CMvQOIRrO.png,107,36,300,168,Dur
train/e8hlT6glM2V2RYgN.png,43,24,300,136,Sol
train/vFCd43peE8nozYko.png,26,56,300,200,Sag
train/aWvWsXj1NL19dskm.png,127,42,300,182,Dur
train/3sQLj3fYBZhheJ7K.png,119,38,300,190,Dur
train/1L1n6plr7jlZGirw.png,89,46,300,165,Sol
train/af6U4DsLPicCZcED.png,20,22,300,178,Sag
train/xy6EzMBW1U0aWDhr.png,131,23,300,153,Dur
train/rU6kbTLXKpV6ei8K.png,137,81,300,200,Dur
train/Z2rJQc2FfElAoITB.png,151,29,300,168,Dur
train/ZjHU1M9wOwgrm7SX.png,36,32,300,166,Sag
train/NHGSRXPwGLyQFNdh.png,36,33,300,175,Sol
train/EJ42U85HcmJV7JVm.png,79,25,300,190,Sag
train/FqutRcI9gGbZl8Gv.png,54,36,300,152,Sol
train/O5iExVmt45IRGquU.png,114,37,300,171,Dur
train/oBKuveyTYAhqtKSw.png,45,3,300,140,Sag
train/0Og76sl5CJhbxWWx.png,14,34,300,198,Sag
train/LI47bUY9rR60z73q.png,83,32,300,175,Sag
train/RYxKlMYeLJcQ63zQ.png,126,38,300,186,Dur
train/A2j94231CiW6OKA0.png,123,26,300,158,Dur
train/FbQKEoixvDyDPu0c.png,90,22,300,162,Dur
train/mdHOkH88KHqpjkEM.png,130,29,300,178,Dur
train/Wn0jBu6LOl5Ei5GN.png,134,52,300,200,Dur
train/N3RjXoHuCkTs2Prd.png,52,37,300,171,Sag
train/eASnEW16rlMUPMf3.png,42,31,300,159,Sag
train/Eodp43S6sgfxeCST.png,20,12,300,148,Sol
train/Em50Yggfyz815VUH.png,14,32,300,133,Sol
train/HiWw0r0djGMscUQD.png,195,27,300,178,Dur
train/fnIIkyRgH6znwmNp.png,117,1,300,165,Dur
train/lxWEYgTaWJSoYSiD.png,34,59,300,200,Sag
train/JFOcfFSm3Ul0Xkha.png,109,42,300,179,Sag
train/8pAWVg9BVmtha8LM.png,116,22,300,165,Dur
train/l7pEq6tQKyUNL3GN.png,22,43,300,171,Sag
train/qVqPFRhMJXPFh8Yb.png,34,40,279,179,Sag
train/iDKbsfPFabN9bUKT.png,57,8,300,200,Dur
train/LrVULgPLsLsfdZ2z.png,44,58,300,200,Sag
train/2gd0aqAxW55bHZP9.png,36,67,300,200,Sol
train/dFrcUPZxOwwT04y9.png,39,43,300,161,Sol
train/cw7oAjQLSjDYZPXH.png,49,41,300,180,Sag
train/nHMXDFvdVQ8Vb0F7.png,22,47,300,183,Sol
train/QGySPOxev60wlq1M.png,22,1,300,128,Sol
train/ib30bLCbBl0mKWko.png,27,30,300,167,Sag
train/gaackCmGss3Lt4tj.png,97,32,261,181,Dur
train/ocaU2HmemX7rmjm0.png,39,43,300,176,Sag
train/AOao5nWv96N9SV7O.png,84,53,300,187,Sol
train/u5672IrPHHkppdEK.png,39,42,300,174,Sag
train/m5ykDPqbTkPOEgWW.png,54,14,300,168,Sol
train/FFAcRoW2ejkNNheZ.png,87,77,300,200,Dur
train/hNKauGm372Z48JWy.png,142,27,300,171,Dur
train/R9xpzPuawT5aH69c.png,61,47,300,159,Sol
train/k5n1w4gdm1G27rDk.png,49,38,300,166,Sag
train/H97IYAhAPk2kHnsI.png,93,20,300,160,Dur
train/nIwv11WKj5Ch85mv.png,42,45,300,164,Sol
train/xXxXuQZdlW8ebxCN.png,103,39,300,171,Sol
train/iGiF1suI8wXP6A2r.png,56,34,300,163,Sag
train/67sMDIYRNxuVsQQ8.png,67,28,300,136,Sol
train/5inLBb6qZY0gpX3b.png,46,14,300,125,Sol
train/NnWvTxntBJ5mFY73.png,87,37,300,173,Sag
train/UGHu0zv6pWOmgBWn.png,34,30,287,155,Sag
train/AbZoX8Iv6xigsR42.png,155,56,300,200,Dur
train/h89sRVkct1nAdPfo.png,83,34,300,171,Dur
train/U3EwYhdeoTjy3xBf.png,105,17,300,150,Dur
train/xtv6VZ84IEFHd9pS.png,117,41,300,165,Sol
train/oKkvmTaZN5M8MCyt.png,55,37,300,152,Sol
train/UJ1D4UeUI0pnDG5h.png,50,35,300,171,Dur
train/jCTsslbOLn04znvK.png,56,13,300,139,Sag
train/N3Qml9f8reG31r5b.png,146,29,300,159,Dur
train/I1T89xw2qr4aTrzq.png,91,58,300,188,Dur
train/CPRUyuzmPTO8JrEp.png,58,84,300,200,Sol
train/kzjICtBZVnwJrYeI.png,62,105,300,200,Sol
train/tfMCcOsRUhEJZF6I.png,38,30,300,169,Sag
train/4ZVOE4DxJDxaysrR.png,73,36,300,179,Dur
train/C5KTDubAmdwtcK6u.png,105,41,300,174,Dur
train/u3nAxX6ZNsAKQ7WC.png,96,30,300,166,Dur
train/EuU83pQABhf4v0AF.png,10,44,271,167,Sag
train/DXlFk9LGWpbBewq2.png,77,5,300,143,Dur
train/h4yYJuwG5dUXEY1B.png,45,33,300,158,Sag
train/HuunhhoTMXTrST2Z.png,44,36,300,168,Sag
train/7dBQ0fOpCs03OmnR.png,35,46,300,165,Sol
train/9tyrAAweW8qCI4st.png,50,30,300,143,Sol
train/Aa9hY8wo2ixaUNKH.png,69,51,262,185,Dur
train/Iyr7ONoegMltn92L.png,115,37,300,176,Dur
train/evxvBwQgL8Kvv67C.png,125,49,300,188,Dur
train/2SldJqjiZwIVPef9.png,65,13,300,149,Sag
train/GgPhnXFElpasCa0C.png,72,52,300,184,Dur
train/KHfp6LJDEhqbcomR.png,53,1,300,200,Sag
train/wQQCLOgW5qXxkwli.png,34,25,300,161,Sag
train/b6laDVaqf5K3aQvH.png,77,55,300,170,Sol
train/xPuMzxjXPJpLuCsl.png,82,62,300,177,Dur
train/bTurr7qf07hoPQu1.png,43,3,300,193,Sag
train/ZPRYcDY3SAyZigkB.png,91,26,300,183,Dur
train/B08mrGoODd5gGTvu.png,45,55,300,188,Sag
train/pLBH6c1NAfL1xVTn.png,51,39,300,159,Sol
train/HY0UHs2e3ydpvynQ.png,88,55,300,173,Dur
train/zV0yCNG0C9s4GId3.png,75,77,300,200,Sol
train/dwcRLIlsRlaRevNn.png,82,35,271,162,Dur
train/G6trRFSUGIeaQorS.png,65,52,300,184,Sol
train/7A1YTmfZsbSdxPKy.png,27,12,300,135,Sol
train/xAnfzBYnsnuru9Nf.png,35,49,300,170,Sol
train/xQL4A9bjTuJuFj5K.png,21,32,300,158,Sol
train/1wk2Hl1Ih9guOwx6.png,76,46,300,188,Dur
train/qGf97ZWPmGYzlTpo.png,34,28,278,162,Sag
train/GfBCXN6UyOkkwshw.png,45,38,300,170,Sol
train/R5gwWLVoqodxD3Q8.png,49,22,289,169,Dur
train/BbOoLEGslGMBu7sj.png,23,44,300,200,Sag
train/sak9CBkECbg1PSLz.png,39,44,277,179,Sag
train/hyQDSSjNFHX7Wirc.png,54,47,300,182,Sol
train/9kYPKMVtd4nOvSK4.png,85,57,276,183,Dur
train/ZeANrD34jghq5aPt.png,93,33,300,177,Dur
train/nsnqe5yD6JgUs9Bx.png,127,78,300,200,Dur
train/XNUalPNmCkHhYk1i.png,45,27,300,195,Sag
train/XdWXMPZZwwXhwYGI.png,103,40,300,184,Dur
train/p2UN3r1vWk57uVqX.png,104,39,300,148,Sag
train/nrJIuJU8hyHoYzy5.png,32,41,300,180,Dur
train/aINwMVFw8UopgTOm.png,65,41,300,173,Sag
train/tZYSEIgQN7PZ31tk.png,127,42,300,183,Sol
train/6bGxG6c9DxmZBcIB.png,107,38,275,181,Dur
train/IFr9SXl5OScOlvuk.png,59,56,214,200,Dur
train/kz9TBAHLFXGnHCiF.png,79,2,300,155,Sag
train/2uxDLQKemRqulhIx.png,124,44,286,174,Dur
train/jrogjyPvn83c1ZRy.png,45,53,300,174,Sol
train/56VICUKU6RgoLTHW.png,85,31,300,151,Sol
train/i5CZnAPMNTZtM13A.png,58,54,300,171,Sol
train/PV4JNT7EUevp0FDj.png,42,9,300,144,Sol
train/lh18XOTNn8Tr3ijU.png,133,38,300,169,Dur
train/nu556y52qDHFKRYy.png,46,34,300,174,Dur
train/YrEfjld9tYk0b9m9.png,56,47,300,184,Sag
train/l6tos9roQ0hnCmfj.png,93,60,300,188,Dur
train/xha8stYdUnt02zKI.png,73,86,300,200,Sag
train/uI2O1DwI1nIIx9Qu.png,41,44,300,156,Sol
train/Gr80cGhz5I8abSjg.png,114,42,300,172,Dur
train/T8GWcDJlUuzt12VL.png,35,51,300,171,Sol
train/qs7Zi0icFErU0fsZ.png,31,51,300,187,Sag
train/XmtW0hEB1JqbZ3eu.png,178,22,300,158,Dur
train/rZ3CYuMZgTELnLxc.png,88,13,300,157,Dur
train/nLGBKJAhRNQqPFrT.png,99,12,300,144,Dur
train/ktvHAgLHY7YAY1Af.png,125,48,300,197,Dur
train/MJkLyjWTzbjL8qyk.png,101,39,300,165,Dur
train/gc8jqxVapG2o8ol1.png,130,62,300,200,Dur
train/nsbCG572TtIVkjKn.png,47,33,300,167,Sag
train/ZGPpmBaEH8F0qXzI.png,66,35,300,155,Sol
train/uCRRTGuvPMUiZXYz.png,134,27,300,153,Sol
train/w3fJMYnDDxw5q00K.png,6,12,300,138,Sag
train/j1EfA5DclfCJdzLb.png,20,37,300,167,Sol
train/IXh9BTFQQ6AIaBpr.png,28,25,287,157,Sag
train/gs2BzCeH7aDo8Lhs.png,52,44,300,161,Sol
train/OLBaBUjL8DE58OvS.png,59,20,300,153,Sol
train/1CXgK9fgGdSRggD9.png,116,39,300,175,Sol
train/cfyxwMjZmO6RYzLq.png,174,48,300,174,Dur
train/8WivsxbidGW1wvnx.png,103,66,300,197,Dur
train/PsPaUu1XDiYpp92z.png,60,29,300,155,Sol
train/NInKk7uh3vNRuwCm.png,70,25,300,175,Sol
train/oYB271o4Oo5uFHpW.png,59,24,300,144,Sol
train/277q9TUTAsBAbTCj.png,82,40,300,163,Sol
train/ztTeXxuMaartlKMy.png,54,46,300,167,Sol
train/oi2e7ny5y00NBLOx.png,50,36,292,168,Sag
train/I8DyB4yRN0Q8voWp.png,135,28,300,169,Dur
train/9sJrWSSurvaNb8FW.png,121,22,296,187,Dur
train/8q4xxTvBVnXTRSQy.png,44,47,300,200,Sag
train/Kzghoy329glIgfcC.png,64,26,300,148,Sol
train/XQVw2vKQl0dywWDc.png,144,108,280,197,Dur
train/oGRxysPJ1UwCl0Oh.png,146,47,300,176,Dur
train/yxCsGCXdJ0UuGEol.png,62,11,300,132,Sol
train/xczZynV4iyBbLHvt.png,105,47,300,178,Dur
train/4Zh2kADxqxEsPTrX.png,43,66,300,200,Sol
train/sJtSZbQH0MF9U4oa.png,40,14,300,143,Sol
train/dF7Gvm0vgCJZofAW.png,33,32,300,177,Sag
train/kklrxqhAClWO5J80.png,47,58,300,171,Sol
train/w58UIOAxkjM2L3AO.png,67,65,300,194,Sol
train/K06meJWsLavqjfyX.png,40,23,300,182,Sol
train/xQB1ghQm8FBFNtBX.png,55,42,300,151,Sol
train/3XNPuMFoaFCfRCVb.png,93,26,300,179,Dur
train/bI7SDSU3g7fZsxRM.png,50,45,300,160,Sol
train/Jgjf4Q4LunuuLJKq.png,78,32,300,179,Dur
train/KC8RPAtZSyUL0vaR.png,107,1,300,156,Dur
train/Y8kfG3f6KJa1YJPA.png,143,57,300,192,Sag
train/7v943QrV87m1Fx5U.png,84,5,300,146,Sag
train/lO2wvyJGrQBZvX9P.png,99,14,300,197,Dur
train/eQaNnPaHwKsOJaYq.png,46,22,300,178,Sag
train/GGQjHIWNHMjBHBsr.png,49,1,300,129,Sol
train/IIRbCSbDRuQjm456.png,94,37,297,174,Dur
train/k6r5z3dMsqo2H6hk.png,49,39,277,179,Dur
train/1UucZqS3qblvU0cH.png,69,30,246,170,Dur
train/eW9ezZkV7Jxu1BEk.png,39,48,300,197,Sag
train/AjwddXm0ttm7Ts5J.png,49,24,300,164,Sag
train/6CyIuv1pvHDwTWmR.png,100,50,300,187,Sol
train/cMbbpVIgFU95R4tO.png,28,37,300,175,Sag
train/00nKV8oHuTGi20gq.png,117,59,300,200,Dur
train/DBriMZZSZtYea72l.png,69,52,300,200,Sag
train/ePMywMOdTHYyxe1o.png,21,15,300,147,Sol
train/Dt2vWLtAYm3XeQpx.png,63,43,282,181,Dur
train/9r4WuhdqPmffGmPA.png,37,60,300,200,Sol
train/755DbuyE4rf2oGPA.png,120,43,300,193,Sag
train/CbiqUiChqkXHb8jk.png,75,45,300,180,Sag
train/JMkBm2iBy4VxFChU.png,103,27,300,162,Dur
train/5FVy5hSvZ9c0M2Y5.png,120,1,300,147,Sag
train/aMTILDN4K2ZEjYAx.png,122,40,300,167,Sol
train/pVCqrp8S6Ze3DAI8.png,47,32,300,187,Sag
train/Gq8pcFEIriCTMoBY.png,109,16,300,143,Dur
train/fl3m2aXD9qq7un0x.png,105,39,300,176,Dur
train/ADOiIs56eyYsunID.png,114,51,300,177,Dur
train/dnss2tOuxRmL0ZjZ.png,94,62,300,200,Dur
train/Mv6oOH192gse3oZA.png,6,41,300,176,Sag
train/ro7qIekrW8rAUNH1.png,89,1,300,158,Sol
train/ZM4bG569OHTj1XMT.png,102,2,300,177,Dur
train/2EAkMCm7ZLnNoBQ7.png,1,17,236,169,Dur
train/Zx5NMbS4YBf29guF.png,59,47,300,200,Sag
train/3aRXheNUQ6cxechp.png,117,29,300,171,Dur
train/a45DJKHJdnCFhX5X.png,82,86,300,200,Sag
train/hH7jcOkAiHqNDWcy.png,74,62,300,186,Sag
train/qDxhtKaNFxsbGDm6.png,29,27,300,157,Sol
train/TnoLyTMw8xPdz0ck.png,89,44,300,200,Sag
train/gbGB4caRQYsV8ZcR.png,145,46,300,170,Sol
train/RQgc9a0ml3hXrJXq.png,96,59,300,179,Sol
train/xCagFKogHbiqcrmG.png,35,30,300,175,Sol
train/zQvuYPyUR7gXdqXE.png,92,75,265,184,Sag
train/oJHJKGs9EiSNQo1m.png,10,65,300,182,Sol
train/DJUhF4lvtGZoaatl.png,98,26,300,152,Dur
train/ta6G9KRgDwtvZsrJ.png,55,50,300,148,Sol
train/XLXLcpDFWHNVkYQ6.png,120,68,300,200,Dur
train/6ZWuYAkiYnDTDa2N.png,109,31,300,177,Dur
train/5RvFm2PYoG18yIZO.png,47,39,300,198,Sag
train/OhkFvTOiBqphyG0I.png,12,39,261,165,Sag
train/Xr1e0JehAkRxNzTj.png,155,39,300,179,Sag
train/BvjXvNTvapIFq4bK.png,141,29,300,165,Dur
train/Qonst5LFs961D77L.png,50,23,300,150,Sol
train/JUn3VuVCoOKC5Nv2.png,51,9,300,144,Sag
train/D3mbFhVy7zFkZEtV.png,13,43,300,186,Sag
train/mViP022ujNQr6UX1.png,58,19,300,145,Sol
train/qRNjm8INtwezm9Yd.png,14,23,300,169,Sag
train/Hkq2KHtnKxyBLLPU.png,45,14,300,144,Sol
train/ReFXAsLF8NkgNAL4.png,103,25,300,153,Dur
train/2PAcPusQ59xIMfiw.png,54,9,300,200,Sag
train/oNZAuH1gIa65iSMu.png,43,31,300,145,Sol
train/sisDkUJdIN7AkgTV.png,98,42,300,175,Sag
train/e5dFezMV6TxIvNXA.png,136,102,300,200,Sol
train/M7i5TSor3J09Sy1O.png,103,10,300,127,Sol
train/GP5y9O5zbmzBGtzr.png,108,30,300,163,Dur
train/GUpnzDfAkw6bmia1.png,35,8,300,159,Dur
train/lfR51TrQjuKJXkT6.png,148,19,300,169,Dur
train/FmDdvclwy9Wc1zfc.png,56,72,300,200,Sag
train/BOswKcczxw8dC4kY.png,138,38,300,175,Dur
train/V14OoL0RMpvwPptc.png,42,47,300,177,Sol
train/KM8TqJbWqew79vPt.png,45,55,300,177,Sol
train/Qxx5l8WCNBjMb5xI.png,41,45,300,169,Sag
train/g2CVyHgIl83M2F0m.png,21,31,300,160,Sol
train/YnANqAVHDOylhBls.png,61,34,300,184,Sag
train/eb93o1ZDeBlrdfyc.png,119,47,300,188,Dur
train/MMeqszriRcb0Ljc6.png,109,44,300,180,Dur
train/hOgtdOKps4GHrC05.png,90,26,300,162,Dur
train/0CSaM2vL2cWX6Cay.png,12,56,300,180,Sol
train/Vn28McGu6NtjoMsb.png,90,40,300,159,Sol
train/kCoX1GxQ9o2ZhRy9.png,104,113,300,200,Sol
train/cXZYoC2Bu8SeHasE.png,40,18,300,156,Sag
train/f1yI657Ka9iHuVGB.png,141,61,300,192,Dur
train/2tRxoWcFfrvjsHTZ.png,123,1,300,165,Sol
train/uQLROCDZVtwVCXfm.png,52,74,300,191,Sol
train/K6IACWoiTOnGR9Np.png,48,24,300,163,Sag
train/JWz75J1U5sGr1FH2.png,70,88,300,200,Sol
train/QZtii0ogsjl6hxun.png,38,21,300,165,Sag
train/O3ko4JxjCkdULELr.png,89,61,300,200,Dur
train/qUjyvBdP04lUmBkl.png,117,26,300,155,Dur
train/SboHPaPEPBqkkTUX.png,91,1,300,173,Sag
train/wBuXrsjeqMn4ZXdn.png,21,3,300,177,Sag
train/HHXLX66BbEVNYl6W.png,207,35,300,180,Dur
train/86KzO2PHymh6qYQ4.png,58,3,281,156,Dur
train/ZljuXHZdMhwFPe6H.png,95,44,300,177,Dur
train/PqlEUvTdVyPPQUUI.png,104,26,300,159,Dur
train/xJAZ3PewpLYs4ogR.png,74,10,300,133,Sag
train/NKNFgMn2Ik3Y9XuX.png,47,46,300,182,Sag
train/k3AidZ3WX8t14gcJ.png,76,50,300,187,Dur
train/77rce5yVvVPIPmp8.png,42,16,300,167,Sag
train/bLJSE1dl7VbQCUF9.png,17,40,300,175,Sol
train/d9N9D5ldS6PCfFXu.png,42,43,300,169,Sol
train/PbqPTUSB4HxBVDZZ.png,19,27,270,146,Sag
train/oiJhtTsTDkiAcHeR.png,59,23,300,164,Sag
train/Y2lr5d6VnNfievnA.png,53,59,300,169,Sol
train/aKUFn8PEF7LP8BaX.png,62,39,300,169,Sag
train/qq6omTHIt2LwuAo0.png,43,61,300,199,Sol
train/owYHB2dx7ExdKxsR.png,41,35,300,170,Sag
train/wcL0C9QgqDYxaj3W.png,159,30,300,168,Dur
train/nPEUpKKphLYH3Bjy.png,75,39,300,172,Sag
train/HGhHQ3uNh7XFl2ar.png,120,36,300,165,Sol
train/UTc5RnTVPMdKnVPL.png,20,25,261,162,Sol
train/9giVcOVtFf85mQZd.png,57,49,300,200,Sag
train/JsryGUQahbbNkrlP.png,86,22,300,142,Sag
train/wdUfwC8IoQbVtqzR.png,58,31,300,181,Sag
train/FEpMZLoRy5eAgRvh.png,40,84,300,190,Sol
train/1fKclJk4eBWOQSR1.png,10,60,248,178,Sag
train/XRnYppsMGdfUa5mZ.png,104,27,300,150,Dur
train/N5JmBjeptZ3hK3EK.png,58,51,300,173,Sag
train/aICabYNb79bdS6Mu.png,43,27,300,160,Sag
train/oLcpS2BYyqZLBj9P.png,95,45,300,185,Sag
train/C9tAvywdtjDTnllg.png,25,40,300,175,Sag
train/kUUKyIbaWlM3GgEs.png,56,33,300,154,Sol
train/2C9FEbBklwcVhF3W.png,54,41,300,165,Sol
train/UlvWQ1fnwQeGYNTa.png,103,19,300,155,Sol
train/X9KQv42y96rD2TO9.png,84,18,286,141,Dur
train/8xToYACSoKU0swum.png,89,29,300,172,Dur
train/mK7Kqflg12vHFBEK.png,48,72,300,200,Sag
train/sDAWCwVlT2NFpEAf.png,28,39,300,169,Sag
train/YEGCpdShhdOdneq4.png,32,34,300,200,Sag
train/IkSLcJtq4O6iBmE4.png,9,31,300,184,Sag
train/TAaTUXACEp7hTNFW.png,45,1,300,121,Sol
train/mBHQsHWDcRvtLIKC.png,68,53,300,160,Sol
train/zXY93m62vUNIH4a0.png,13,40,300,177,Sag
train/K8WJMHr1iCttaMbB.png,64,49,300,175,Sag
train/QPdZme1zmTH0NIlM.png,116,2,300,145,Dur
train/FqRqtazi3LD2vwsr.png,86,37,300,179,Dur
train/GgA8wrylOr4pvJhZ.png,61,43,300,167,Sol
train/XCoWpNiWscJm476F.png,83,39,300,151,Sag
train/JZ8KCFK6y0Zd87Xl.png,58,50,300,193,Sag
train/tErKQ83tdngWfp23.png,113,46,300,192,Dur
train/QkABhOUYBbDXL7VF.png,85,26,300,179,Dur
train/q35FqG8h9VCDbQ1J.png,21,40,300,193,Sag
train/ZBA0HPVlxkCdle5v.png,38,22,300,153,Sag
train/N5RzLbTF6dlVDkbx.png,112,42,300,185,Dur
train/1vvcitV1s17gKdbn.png,107,12,300,145,Dur
train/fCX7MPg0xO4QP2Mk.png,146,69,300,200,Sag
train/7UoLr02FuYuLrJxz.png,4,23,300,167,Sag
train/BFVK8zqyFZ9SFqm4.png,123,33,300,174,Dur
train/vUtM1pR6f5ZdEn5a.png,59,5,300,175,Sag
train/Lasz75PzyTyufo0u.png,62,29,300,200,Dur
train/YqEvBlhrl5XkzIlO.png,50,33,300,168,Sol
train/mN2Tm82UB8XH1eNs.png,86,1,300,131,Dur
train/SDQQfzHl47yNqA6K.png,101,29,300,190,Sag
train/o3uLvDdBwKBY9793.png,56,41,300,154,Sol
train/FCsZ8xbkykokN7sp.png,133,57,300,167,Sol
train/NCHfmPjxa7aay5AX.png,41,36,300,162,Sol
train/PZqNg7IprOGg561e.png,67,45,280,157,Dur
train/B9WSmSgclFPB3TOL.png,100,45,300,183,Sag
train/XF9I4tnxCvI7XzIG.png,50,52,285,175,Sag
train/mu2i6dWPZNLGnnPy.png,60,43,300,181,Dur
train/WUEe440w137BuSEE.png,31,36,300,178,Sol
train/2ufDQYIqKG1xRG7y.png,35,70,300,200,Sol
train/VNbhUgHmivsf9WeB.png,157,66,300,184,Sol
train/p68vc2nK8JZRDmBx.png,110,29,300,185,Dur
train/VQI4ru8aVkvWIHT4.png,46,37,300,163,Sol
train/xyFhBLzUNatOchjM.png,38,33,300,200,Sag
train/R0j5MW4t8SU59u7x.png,45,24,265,154,Dur
train/xKyBoUZHpqSVqTLx.png,56,34,300,154,Sol
train/xR8mRBEdYAbokAEk.png,79,14,300,200,Sag
train/M8ctr4cjddfGnoWg.png,56,27,300,153,Sol
train/85dWwzSo83sQnsoh.png,87,44,275,178,Dur
train/QO4ebj2KlmPIU1Eo.png,103,12,300,147,Dur
train/LEA78quc0fi2hq9W.png,34,29,300,181,Sag
train/svY0FVnjij1nSJDK.png,65,50,300,185,Sag
train/lhr6oNI2jMsi0Z6A.png,59,34,300,185,Sag
train/xPDNBvgWZrdijzTm.png,58,41,300,162,Sol
train/96Sw16ZnG0zF8Qo0.png,128,37,300,177,Dur
train/Cw34q0DptQFOEeoF.png,122,2,300,138,Sol
train/RqdXcCyqmXMxSDxn.png,121,6,300,200,Sag
train/7xXAch1NxPhoEdk4.png,136,41,300,167,Dur
train/mrWRR4bVPDvIIg7D.png,53,56,300,179,Sol
train/b15QGB4XPECDemV5.png,42,38,300,171,Sag
train/E4TyifCgPm6OwcrY.png,38,37,300,171,Sag
train/vqUZ6XnuzKHIFVOO.png,62,8,300,138,Sol
train/138Tx9KlEfheT3uB.png,74,36,300,178,Sol
train/389udM70tLrMVL5H.png,58,27,300,159,Sag
train/ejC8QIku5jrtci48.png,23,51,300,185,Sag
train/XPvzu0bXUw8THjbU.png,71,33,300,198,Sag
train/U2InMVDH10R24eOb.png,20,27,284,164,Sag
train/i85n2S7UREOq5svM.png,117,20,300,164,Dur
train/OMq2VJyb0KwtdwDc.png,45,53,300,190,Sag
train/JslFc8olsoXrWyG0.png,91,71,300,197,Dur
train/0NDYNEoDui7o64gU.png,133,35,291,164,Dur
train/cOHWfHkyo8sqWnpW.png,44,47,300,197,Sag
train/fXrAew7llUJLK8CU.png,53,3,300,154,Sol
train/50Wjlq1jW7o3wcl8.png,50,35,300,165,Sag
train/hqD5rX5jXifrtMJO.png,53,16,300,152,Dur
train/bWjObTeNghy8Z1zE.png,47,58,300,189,Sag
train/oO3NO14nRLCUNjuZ.png,91,55,300,188,Dur
train/asi6ZQCskd51eHm1.png,55,29,300,155,Sol
train/dD2TpDGv5gsYUJAl.png,124,51,300,194,Dur
train/t3gTGwl94iLuZL1k.png,69,36,300,200,Sag
train/3kVoftgTNdDcvPPY.png,44,24,300,147,Sol
train/ttGVYechgB3WAlum.png,68,52,300,179,Sol
train/BSMMOAJotDbg08rj.png,90,40,300,191,Dur
train/sWC2BZ7oeSzsCXva.png,17,7,300,127,Sol
train/hTzQIKUtmllw7je8.png,147,18,300,151,Dur
train/8pCggsYVt6kUOza4.png,66,38,300,157,Sol
train/2M8LvUBGMOH1bsaz.png,48,28,300,155,Sol
train/9qKKOliWXD7oDZOd.png,134,28,300,161,Sag
train/r87DASz5okmR0fnI.png,102,2,261,169,Dur
train/G1MuiTHGqQ6CN122.png,112,26,300,165,Dur
train/VfIYGbOFu36N6MDw.png,43,49,300,185,Sag
train/CxcQ3XRBjkkmZ9b8.png,52,26,300,167,Sag
train/yaRRMcZS7JJ3xLK1.png,50,17,300,200,Sag
train/65PVbRzrpzfdu8nJ.png,65,77,300,200,Sol
train/rtrnZkXYASc50OOJ.png,72,22,300,145,Sol
train/PLvidx6rZDuRENbv.png,72,36,300,184,Sag
train/89dWYgfIZm624Pf6.png,40,12,300,164,Sag
train/JjS0KakWxwXmg5Wi.png,20,49,300,165,Sol
train/V3UaCwHUgn07OTX7.png,103,23,300,176,Dur
train/Rc1dJyDnXnSjnpoH.png,144,55,300,190,Dur
train/mZW0RUegJl9SM8ck.png,62,56,300,189,Sag
train/W502bu3C93KtmDol.png,104,2,300,131,Dur
train/XBP2RvuuQk5EMXsW.png,83,65,300,192,Sol
train/7I1fABs6SL1T4MNb.png,54,6,300,139,Sag
train/7NqXwATGidLt6kZY.png,121,47,300,176,Dur
train/TUB0nmtfE8SZjEzL.png,91,1,300,117,Sol
train/mtLouezQUnTbfEgj.png,8,69,300,200,Sol
train/T6biQxOCDlM5ad7k.png,102,61,300,200,Dur
train/J06aYYcl79xoBD0g.png,125,13,300,156,Sol
train/jui5QU0jWOCKf8hW.png,85,57,300,183,Sol
train/RmTijOM3U31zKnrY.png,59,41,300,168,Sag
train/ATs4aFUIODixPnMI.png,150,59,300,197,Sag
train/gQyIUVHeIS3WYuzv.png,104,57,300,200,Sol
train/Tz2CIaI6bZXdon61.png,92,36,300,180,Dur
train/6drquJLYR4bjZX2E.png,35,49,300,200,Sol
train/s3NrOMdLJLZbpSdU.png,58,61,271,193,Dur
train/9RmM1chbNsDKXXlg.png,51,28,300,164,Sag
train/rOigyekSUNnTrmz6.png,76,59,300,182,Sol
train/Osm4O4K7sdFOSiRk.png,57,40,300,163,Sol
train/hJuytZrZ7fR1CWyi.png,26,43,300,155,Sol
train/H9H5HhYMY6vhEUJ4.png,76,47,300,161,Sol
train/H9JStRaVHPocFlEq.png,89,57,300,178,Sol
train/Lwd11NDu17odCiv7.png,20,24,300,170,Sag
train/wnFnnnpg4cx8NeoO.png,97,21,300,158,Dur
train/RPQtLp789cqfKEQE.png,44,37,300,160,Sol
train/Gyq9GJFTfF1vvOZ8.png,93,35,300,166,Dur
train/ZGLUqWHjarBly23b.png,40,47,300,181,Sag
train/ejWJ6Ber6qqXnuag.png,70,25,300,147,Sol
train/R8yTHsEmwnN776s2.png,45,15,300,138,Sol
train/6sInddznuGf5KuRo.png,111,39,272,166,Dur
train/sem0kkR24VbSRmAc.png,57,54,300,165,Sol
train/esqqaIq6wKOr8EK6.png,136,35,300,199,Dur
train/RhwmhtMcSeQ0DeIJ.png,94,37,300,165,Sol
train/aw7H9dMuThRnO74k.png,55,65,300,198,Sag
train/urK4D0Tf5XNKCgIJ.png,43,46,300,149,Sol
train/Su03KsBNHrCVUXli.png,23,7,300,127,Sag
train/QdUOXLvrrFZbV5G6.png,103,45,300,188,Dur
train/Cx9G4YyKPI9MPcqp.png,42,45,300,200,Sag
train/Wq3GbJvvJWcF9OoW.png,62,41,261,177,Dur
train/BVfw3Er2AUBqREYJ.png,74,20,300,146,Sag
train/xfdYfkrgEZ2fuuck.png,63,17,300,144,Sol
train/Bd18RfxcJr6O5n6j.png,52,1,300,136,Sol
train/XRzyLHESg63okg01.png,114,50,300,183,Dur
train/7Zb3QM9tznboKuQE.png,107,21,300,157,Sol
train/KKYleXVUgi0h0np4.png,97,52,300,176,Dur
train/5yHTRIIDcdrXqMYJ.png,103,69,300,200,Dur
train/1lEpWTJDphkm3HdC.png,72,2,300,154,Sol
train/vTLtWUiqxDhncYin.png,23,41,300,165,Sol
train/ErsQcWAahNPYPZs5.png,55,25,300,149,Sol
train/EWWFVEzkNulhftg2.png,62,41,300,156,Sol
train/S2VG3n7WLkBpjNb1.png,43,37,300,156,Sol
train/BfFGJgByTJnxADwA.png,41,27,300,172,Sag
train/RZpLPA2iKiZ2GXR9.png,142,45,300,183,Sol
train/fGaDsQT8mUTaytaT.png,99,69,300,200,Dur
train/ON7ALRXFwvKHbBPL.png,68,22,300,164,Dur
train/R2Hq3bL46kah8D9n.png,103,27,300,148,Sag
train/ZyZeKfG5s1J9Qn64.png,36,33,300,178,Sol
train/No7Qf3DONPRwor5U.png,74,31,300,170,Dur
train/xc9iqz3P8tF5YdCG.png,86,23,297,174,Dur
train/OEFttKrmyc4bGb54.png,88,31,300,164,Sag
train/UXc8KgQBF2jXEa9j.png,46,38,260,159,Dur
train/o0CfvFooVIcHCGzO.png,119,52,300,186,Sag
train/NeYB1usFd9o84q13.png,80,42,300,162,Sol
train/cQ0dBO3yHPohZ9U9.png,64,37,300,182,Sag
train/0vugygEjxQJPr9yz.png,44,42,300,184,Sag
train/9OOydp53FQwUHu3u.png,62,12,267,158,Dur
train/DBvjNfYD7dv2f3gw.png,81,22,300,190,Dur
train/JZXTU0Cv6A2WPuf5.png,33,23,300,150,Sol
train/2f25VA1nfxiC86xj.png,112,26,297,172,Dur
train/yAKYvpfUMYbJhbDP.png,163,31,300,167,Dur
train/EwkiPoJwnH40BjKa.png,67,34,300,164,Sol
train/lcZcrpCoDl7Y1AUF.png,143,1,300,137,Dur
train/L9QKyMsMtrSwJhRa.png,68,31,300,147,Sol
train/TYXCfgUSBF8L7HZK.png,23,65,300,168,Sol
train/pjOgxx8uZf2XPDFu.png,71,26,300,158,Sol
train/nnf5jELXQuneoejn.png,51,31,300,200,Sag
train/aJeRqPY3UVBErDTY.png,44,41,300,185,Sag
train/JTbM7M5ZIxA7oFEX.png,56,51,300,168,Sol
train/Dl9fg6ttVQY9U28G.png,60,40,300,158,Sol
train/4y86vmtzJs0qzfLf.png,80,55,300,169,Sol
train/HqB3HFyK3VvZha0Y.png,90,17,300,174,Sol
train/p81Lb4bD6fEvkSQ0.png,81,30,300,160,Sag
train/QUqw1jotp4mOm1ZY.png,66,33,300,141,Sol
train/z6HDaayUjgx6LnhS.png,90,40,300,170,Sol
train/m0xWKKlJMcCcQagG.png,162,77,300,200,Dur
train/Zz1djgkAdRqsHM3z.png,73,36,300,157,Sol
train/pBRSGgUENwGb83VQ.png,99,11,300,177,Dur
train/hxUxn67g42jOHGHi.png,95,38,300,185,Sag
train/h5MbTDhsN1x308Je.png,47,33,300,156,Sol
train/Qs7kzLICH4ZpdyPo.png,82,25,300,168,Dur
train/5Cy2fFOaWMFwa5iu.png,113,17,300,200,Sag
train/qjNwQMtSzoZKXOGe.png,39,28,300,171,Sag
train/3tyVmhojjwETaf1u.png,59,31,300,153,Sag
train/yYba9sH9TlYCAtoo.png,73,13,300,136,Sag
train/ULTg1DfgsXpxo2lJ.png,98,42,300,191,Dur
train/zdNuxse3BvJK3s6Q.png,118,35,300,167,Dur
train/rGh56uZVxk2MZLWF.png,97,33,300,159,Dur
train/zGty6p4zGTzRip73.png,81,40,300,164,Sag
train/wBUGgxpeb0gggcTx.png,52,1,300,174,Sag
train/6i1Xy1NAW6h8RzL7.png,27,41,300,160,Sol
train/GPY2PK0wpb7ZoSVS.png,69,32,300,176,Sol
train/fTwiqatiNNgEeTBi.png,47,68,300,190,Sol
train/oJgp2GfiHRHchjDv.png,138,9,300,159,Dur
train/Eq9tohFHMpYXWQZH.png,8,29,300,194,Sag
train/xMzUrLkx9vIWWwZU.png,81,43,300,175,Dur
train/zihL322yBqQvYvhE.png,115,48,300,183,Dur
train/8vCpdCGSnX8CopJJ.png,46,44,300,195,Sag
train/UN3iCDyiEIteIMdx.png,41,38,300,168,Sag
train/xqCLaIfsVBFNf63M.png,102,28,300,169,Dur
train/Me6SACZZ4EYJLHbB.png,31,43,300,168,Sol
train/tW1oIjn0hlGLToAY.png,41,35,300,172,Sag
train/MJAUydLSEPqZHwPz.png,71,40,300,192,Sag
train/V3Z0tEoM7Cq761eZ.png,15,19,257,140,Sag
train/P2mN2BN7A8eaYm1l.png,61,26,300,148,Sol
train/RJSM8dpspJB6ckmX.png,82,29,300,164,Dur
train/byBLmTC0iWfnT7wo.png,63,32,300,200,Sag
train/UMhiPBxOmfSpItMU.png,102,18,300,160,Dur
train/sjx49D4yv4AIXKCy.png,50,34,300,153,Sol
train/GQjExZ14HfbKjnEp.png,99,38,300,171,Dur
train/SrSUeH255dybz2zi.png,48,41,300,183,Sag
train/WRIlJop0nm7zZfg3.png,106,42,300,160,Dur
train/0eqArS2GgsBeqgSn.png,35,74,300,200,Sag
train/jpuIILjefqjHtUtk.png,121,45,300,174,Dur
train/ncO6qnqxGiA1sJrP.png,79,10,221,200,Dur
train/qTswJhA6jQYT4y3b.png,94,39,300,169,Dur
train/iM1hcJsC387vy9YA.png,40,9,300,135,Sol
train/2MKZD0VUw7Tez2Jx.png,129,42,300,183,Dur
train/Mhco9qeEh5TV83cQ.png,84,39,300,189,Dur
train/o3gQiGh46MjCJtVK.png,91,56,300,185,Dur
train/vLsE4fWvRdNXdkvb.png,97,59,300,193,Sol
train/14K62H4KG1hg5qiJ.png,10,9,300,200,Sag
train/X5YjuJk3mrupKDrG.png,77,52,300,186,Sag
train/UPH9bl4Vrq4Gwp3K.png,64,28,300,154,Sol
train/IBauM2TU1KmGhsfT.png,25,49,300,169,Sol
train/U548QDFNMOTUq5nN.png,30,55,300,176,Sol
train/WoS4fluqoRRsfjle.png,23,43,300,159,Sol
train/NwbFl4nQqE5pm5PZ.png,43,23,300,166,Sag
train/plCaKcxMczZTYQYV.png,150,82,300,199,Sol
train/gtVEm7JEdr0wE1ip.png,90,24,300,175,Dur
train/pmukoZQITHhWvDDb.png,50,43,300,181,Dur
train/V3wtZLDoj8UyjEh4.png,179,89,300,200,Dur
train/cPuxKnJCdcTotM5k.png,122,24,300,152,Sol
train/fiX6rjBt5qHGMsjc.png,34,37,300,163,Sag
train/QCqvYDzuP0z3omox.png,33,51,288,180,Sag
train/pMQfFsmXAu2xZuUv.png,105,65,275,182,Sag
train/2vwLOZSd8FCXbuck.png,138,25,300,174,Dur
train/axwcCc4rC8ySUtML.png,31,16,300,162,Sag
train/D7Ykcj1tYAannu8h.png,91,53,295,179,Dur
train/aZ8XOOHozlep9lS2.png,105,20,300,163,Dur
train/5SeLlZliRJtZAnIZ.png,106,28,300,186,Dur
train/4X8TOCQTfCWnMfm2.png,45,27,300,150,Sol
train/RyjWflLmOIWqcYXi.png,72,28,300,159,Dur
train/k9d5xaurp8JC9DXp.png,51,46,300,177,Sag
train/Bvw2wNs7Vb4H5nx9.png,71,1,300,157,Dur
train/et9oIiGQmAgwy7GK.png,40,1,300,175,Sag
train/64ktckSF0c26K6AY.png,56,72,300,174,Sol
train/tFuz8mF78pYT6hKS.png,14,5,300,166,Sag
train/oIoIl8ZLod1q9i1s.png,121,25,300,162,Dur
train/t2SdNfWDiXGLJPBA.png,81,59,300,198,Sag
train/o00DBW79f2BHDaJ2.png,37,8,300,128,Sol
train/qfwqUBajqgUWpW86.png,123,49,300,174,Sol
train/wbdzYsdRWCWjL2Pg.png,66,21,300,137,Sol
train/Vt8bxMbkU4svFwyN.png,136,21,300,165,Dur
train/Shr7grl23ISlh4Yu.png,165,50,300,190,Dur
train/FxLuxwBp9Hw2th2O.png,63,54,300,200,Sag
train/jbj5K46TOmR5hkWu.png,152,74,300,200,Sol
train/TmPdVzKg9yHUefja.png,49,40,300,176,Sag
train/tvxYEibqtUm3woXx.png,78,78,300,191,Sol
train/5eRezaxzYX8Canq0.png,50,30,300,181,Sag
train/yrzokMUYHlOLsRhQ.png,54,12,300,150,Dur
train/Z6CURxA1iRNhTzO9.png,41,35,300,175,Sol
train/UvFHqrnEwsrs6MgC.png,53,26,300,163,Sag
train/bn4i63wrObqbJECw.png,58,28,300,186,Dur
train/eqJEQe8W9FP4TOck.png,79,53,300,169,Sol
train/IQNb5XBjdbYa7A2W.png,76,41,300,173,Dur
train/6ZoT4ZO8D4G74afj.png,79,21,300,145,Sol
train/GwUjjywvFAhLUYYm.png,106,25,300,171,Dur
train/R5nXVOQnotizkrJB.png,96,62,300,198,Dur
train/O4H6QPX8bdwNiIie.png,94,42,300,161,Sag
train/1e1VCnCEApnFh9Oo.png,67,61,240,195,Dur
train/lw3m9jLBwagsVLJs.png,148,61,300,200,Dur
train/MKe2ciaSOmdDH1JK.png,46,39,300,156,Sag
train/N4D5tleMLbP1Au5D.png,52,47,300,188,Sag
train/gO7yxcP6H1vZ7lOe.png,61,19,300,150,Sag
train/rg2UeHqmCL67Pl4o.png,75,19,300,135,Sol
train/LzPap5344J7kKj2P.png,88,36,300,176,Dur
train/eTo9zgxdhJJAvrfM.png,119,24,300,180,Dur
train/VnSCn5IIg7m8d9Os.png,117,39,300,177,Dur
train/fsN97zyPFSfYwnsS.png,42,33,285,168,Dur
train/8K3rwVoAAjAqkkqq.png,109,71,300,152,Sol
train/XnvU9UjrhVwfnSgj.png,51,58,300,193,Sag
train/44Hu6owS3pPqmyG1.png,29,4,300,116,Sol
train/0ePX1wuCc3et7leL.png,20,34,300,175,Sol
train/PXIxKdf4DvyHXy89.png,106,26,300,161,Dur
train/ZcGYyQZWKP4EcVEz.png,66,44,300,160,Sol
train/2UKnsncgPodQLOFR.png,17,25,300,177,Sag
train/H7drJKmXJb6g6YxC.png,60,43,300,168,Sol
train/8aOKoHx8aFjtDkxJ.png,60,46,300,170,Sol
train/ZULuRlvYzTJM8jC3.png,44,1,300,189,Sag
train/o3cajP31029qBUIX.png,44,47,300,160,Sol
train/wweMJiVO1CgNIGHW.png,157,27,300,180,Dur
train/Q2rRUGWBDy47XucJ.png,67,46,300,163,Dur
train/LSpFmcm9V8jmdhR3.png,140,43,300,183,Dur
train/fRMSey1LBvG1TRWj.png,14,51,300,186,Sol
train/MReo7XBz7dmQ5HdE.png,73,1,300,150,Dur
train/533ZH0WCaiOZO0nL.png,65,52,300,200,Sol
train/KYTLHLPHUqj58UVh.png,31,39,300,168,Sol
train/BLqL31aC5YLmx3uF.png,108,2,300,199,Sag
train/st0riwaAOtBFhJfA.png,37,25,300,145,Sol
train/7IYZ788SAadhvemj.png,83,1,300,200,Sag
train/a21pgCIQ9pl0Guv5.png,49,35,300,180,Sag
train/3bkC6JAPog7xX9WO.png,10,47,300,172,Sol
train/5EEdNZWT8M9PThPB.png,101,35,300,188,Dur
train/FZTB5QPwvq7b9xok.png,61,40,300,162,Sol
train/WTNxLmYXbSvxjksk.png,125,47,300,186,Dur
train/N3pHY9fO1y0jdeVu.png,87,13,300,161,Dur
train/lN7rUXL8DBzW1KoR.png,95,36,300,188,Dur
train/3UH9T0W1eZQW36xF.png,114,10,300,139,Sol
train/iXpTSeMxuDfhayJw.png,47,36,300,170,Sol
train/y6SQqRL9aPExUa7f.png,112,79,300,200,Dur
train/EJ7cNnnea5yCEaOd.png,58,48,300,191,Sag
train/DpuTr8KvePPqWO5Q.png,101,65,300,200,Sol
train/rHHsm5b1CvmcWT57.png,91,46,300,171,Dur
train/W4QtOYoG8ThbcmsY.png,77,45,300,154,Sag
train/HxzCqTAGvmLYaHjA.png,90,18,300,157,Dur
train/LFzPbXpksRrG9jpF.png,112,42,300,166,Sol
train/HTSIUeIA1IQrHtHu.png,41,30,300,162,Sag
train/L1nqVqYSFwToHPKG.png,143,31,300,165,Dur
train/COmibsBioPBur0V9.png,66,30,300,166,Sag
train/5G0hCO6RJXNyxcgV.png,60,21,269,154,Dur
train/JGKvhDVwPPH5n7Kp.png,64,40,300,161,Sol
train/utufwM3u0nx14c52.png,155,14,300,133,Sol
train/ny4ARFjALtDxJqGg.png,73,43,300,161,Sol
train/2HSPQEteONUjEXAF.png,65,20,255,146,Dur
train/Ih5Z5Z3xFZ17IcZS.png,56,1,300,200,Sag
train/pZ9zE5ahoKZhIZqm.png,32,20,300,149,Sol
train/7NyxZyxSJ1gphzUE.png,19,35,300,183,Sag
train/MBCdeYSw1CGsIlHf.png,94,57,300,177,Sag
train/Vly5xEFupx36kCcd.png,38,60,300,200,Sag
train/sZyZICXHv0ArIZFw.png,2,1,300,200,Sag
train/9STiLxSOXvh5kjda.png,127,41,300,185,Dur
train/8Q1PAZsxpLf5FAo6.png,45,33,300,145,Sol
train/ZHY8N2y7tIomiozo.png,46,39,300,158,Sol
train/1DxbXT3M2qiMjCmC.png,82,25,249,150,Dur
train/n61z73RnZB19Bpq8.png,126,45,300,177,Dur
train/eGm3dLnWBxRrjlJX.png,72,42,293,183,Dur
train/PDgemOaqWAiKPIcw.png,70,29,300,157,Dur
train/dZxpgHYRuQNv7T7A.png,159,2,300,119,Sag
train/KcCGOFZoEMOitVPh.png,119,40,300,182,Sol
train/tsfjaR5pzLN4vfRW.png,52,34,300,162,Sag
train/3YvRoN0ZGuXVWEbh.png,59,12,300,200,Sag
train/zb6wXq49QppiS9sf.png,42,59,300,187,Sag
train/dyHfn1GBYIj195b5.png,9,1,300,145,Sag
train/ZtLFRBgHAyauXYW6.png,67,47,300,175,Sag
train/RFXW2X1DlH7xboth.png,84,45,300,155,Sag
train/XNsF8hyn9RBUaFnw.png,86,34,300,147,Sol
train/MPiImIdtqCEKxDbP.png,89,38,300,156,Sol
train/6NSGRQDw4M2amVcH.png,129,18,300,155,Dur
train/dnXr5NzZKqzg8VgI.png,49,27,300,157,Sol
train/YtwkLLgHWgoRfTaB.png,51,36,300,158,Sol
train/TcybcTuKdMPA4xpT.png,107,8,300,142,Sag
train/Arbkrts1pXpDNgFV.png,105,23,300,189,Sag
train/W7ijVLyfVPL2msio.png,56,34,300,159,Sol
train/5cJA6BncdVbygRNL.png,125,62,300,200,Dur
train/qiysAN26ClLYOZfG.png,95,51,300,184,Dur
train/2EeIeEe1P0a0Fi9v.png,53,49,300,159,Sol
train/y7JyZqsFZUwdvkY2.png,137,77,300,200,Dur
train/QzJOhsnnTjhfspc0.png,67,57,300,200,Dur
train/Z5ioSnqxnoCUixRW.png,59,40,300,179,Sag
train/whv9ZooPZNEjStCk.png,126,36,300,191,Dur
train/4z7r8yUDFk3HwEgN.png,46,61,300,175,Sol
train/lPWbZ5JDB0gjIv2J.png,28,42,300,170,Sol
train/Zyzp7nBCojgQeCZs.png,87,49,300,181,Dur
train/6NzgMmSELzk3WtZh.png,43,46,300,198,Sag
train/4Pir885YNPXiRs0R.png,37,55,300,200,Sag
train/gVd3f9CZNll3QS8l.png,18,33,300,155,Sag
train/FmGfsSfUAyHzsiAO.png,40,27,300,138,Sol
train/ACUZLBMxCu3AWgUu.png,44,4,300,152,Sag
train/N6hnu1jJLEfigfYH.png,111,24,300,158,Sol
train/WejRez1oUWm5lhuw.png,50,58,300,180,Sag
train/HLf2liRRQ2FM3PWB.png,85,46,300,191,Dur
train/6AcmgOHcOvQfp1iW.png,92,36,286,170,Dur
train/5NsmQol0TP7h80bh.png,41,7,300,170,Sag
train/XJWYAuk9dfdmUAIw.png,75,46,300,161,Sol
train/5DdrFpDc8YbG1oCo.png,21,27,300,149,Sol
train/Dcb4pD70p3oKdeIW.png,57,52,300,172,Sol
train/OCa85cn2JdZzOe8c.png,157,30,300,163,Dur
train/n5NXfZTRonR4iOr0.png,42,40,300,169,Sag
train/Om6b4BvZS49QNNFV.png,41,45,300,185,Sag
train/CkjdMgxvvA6Ll8Ca.png,143,19,300,144,Dur
train/nrRw9O00nT1ZeOJh.png,63,47,300,200,Dur
train/73UfZ8Dwj0OB66IV.png,41,43,300,185,Sag
train/rDfjA9TE0tYqzT21.png,36,1,300,200,Sag
train/T6IiF7nWO9Tf0adD.png,37,16,300,141,Sol
train/syu2UUmhELg3nol9.png,52,33,300,152,Sol
train/fLFzQoErbCBRR6NM.png,49,50,257,180,Dur
train/zBMp6VflTDyfCqa6.png,167,50,300,181,Sag
train/vur2opqCdVFD3f6c.png,32,12,300,134,Sol
train/Httje79JB2p6ePf0.png,28,27,300,168,Sag
train/FOmEbxM5mn9WC2sT.png,125,69,300,198,Dur
train/NzQfD5IzPphBZNKi.png,146,45,300,176,Dur
train/7gcPqW9meL8zJHFF.png,147,28,300,167,Dur
train/qzCqZEUXcEqAuZAO.png,125,81,300,200,Dur
train/qYTvWILCYIauIMkW.png,86,38,300,200,Dur
train/SMQFKEq55U7752xf.png,127,22,300,167,Sol
train/fjPydEfNWCvgobYu.png,118,20,300,140,Dur
train/YsMoNGFWu7H9X7DM.png,85,26,293,155,Dur
train/6QrCGRwuFLPn0VIH.png,173,34,300,159,Dur
train/qoU2kq8bmOjMY5e0.png,12,54,300,168,Sol
train/Cto0fRvS0ns9lVrs.png,41,14,300,192,Sag
train/YI6MrQ5Fa7DXhcjr.png,56,40,300,164,Sol
train/OdfDTwgPVdW9XbE7.png,54,43,300,200,Sag
train/CO4Xhg1dx5dmvwlo.png,62,37,300,174,Sol
train/oWI7JL85eXDhRFcV.png,139,48,300,196,Sag
train/BwX4LCp8V8FlquK1.png,122,19,300,141,Sol
train/Ec6WrF6Soj4REPk7.png,50,15,300,151,Sag
train/EPqSt5HeGNMhPaeR.png,90,19,300,179,Dur
train/TIm7htC6BXzkOitR.png,117,48,300,184,Dur
train/ePEd8TOzTgrGz5M2.png,18,35,300,177,Sag
train/RtsIA3p963IFGi8t.png,110,22,300,148,Sol
train/NND8kMRxPKa3HfWX.png,86,14,300,142,Dur
train/WQlZZHmfKvMFfUE8.png,59,7,300,165,Sol
train/FayATL4XRpv7AB0y.png,69,40,300,182,Sol
train/wuoizA09gXbcCZ5a.png,119,11,300,134,Sol
train/neo7ALjpzKdzVCj1.png,27,42,300,179,Sag
train/HvQdmFU7Qzd4SSQ4.png,61,34,300,175,Sag
train/LkNkNVjTRm5Gr9NQ.png,179,44,300,173,Sag
train/ukOGooYiFOfJHNrx.png,63,29,300,162,Sag
train/yAuOKZfd9CyDMYdg.png,71,29,300,147,Sol
train/GktptVfvaYXOIJCz.png,39,21,300,152,Sol
train/P0BIztnCzZ3StLD1.png,20,35,300,200,Sag
train/41HC0VBlHSRhi0AG.png,10,13,300,197,Sag
train/DE5gewqrqzSaVsdI.png,94,9,300,176,Sag
train/MFlCOcvmOe3jejwy.png,44,81,300,193,Sol
train/BtUfOjTzw9EEvNHO.png,80,61,300,199,Sol
train/qC5sV6TzOBzyzW0p.png,46,42,300,172,Sag
train/2l1K148aIJHRR1q7.png,68,44,300,162,Sol
train/o6sFIzkVY4xKTgrH.png,119,48,300,167,Sol
train/RpIg0o9X94lDnNcX.png,29,65,300,190,Sol
train/5jcXrtjEVtQwI0Wa.png,40,18,300,180,Sag
train/Px1M92VqNpLveOTC.png,85,46,300,166,Sol
train/uMy6gyGTY6epng27.png,54,78,300,200,Sol
train/X3iDu3E3UCW1w1Cd.png,44,42,300,169,Sag
train/CemUmBPmUpNgXfMC.png,10,48,300,200,Sol
train/HJ3qSJKzOvM3IwZR.png,31,1,300,126,Sol
train/iIaYawwgu5W18LS9.png,138,39,300,165,Dur
train/XqR9QAFi9qQMUdw2.png,109,22,300,157,Dur
train/o1cPo5Z2YLfTz2vJ.png,162,45,300,158,Sol
train/l0rOvSD1UwFg1Xv2.png,90,42,300,175,Dur
train/sCkuAnI0vDucXt7m.png,140,35,300,166,Dur
train/BYG1hwCG8M64UXIV.png,124,51,300,180,Dur
train/54xah1BB0YTQS3Ib.png,43,45,300,189,Sag
train/7ZGsbIMypDIEZxR0.png,48,18,300,200,Sag
train/i47BmmqwUa4y0jIP.png,73,42,300,186,Sag
train/r9sXHEyVJVCtshSA.png,21,40,277,184,Sag
train/ZKG6hW0U101PcEoo.png,83,29,300,160,Sol
train/KOlOsNsrUdQonYpp.png,18,22,300,142,Sag
train/vcEwRcuUMQ89i8on.png,49,54,300,179,Sol
train/PaZSkEO4jbBp3Hz7.png,65,45,300,178,Sag
train/H2lQHx5y3oy8mLSL.png,68,49,300,192,Dur
train/NpJEIrbBZBhud8tg.png,118,14,300,184,Dur
train/z8U1YdLOa1FwflzO.png,127,34,300,163,Dur
train/pU5fol2HJ1fxobLd.png,61,38,300,171,Dur
train/G4QepYlFnpE8Zse4.png,22,19,300,156,Sag
train/JDuoo6aDjbIAqA4X.png,73,56,300,179,Sol
train/TklTtKIVRWh2HA94.png,34,34,300,153,Sol
train/M5FhZFlXsmRMTHkc.png,126,52,300,181,Dur
train/ZFMh222FMJzr0yLD.png,56,76,300,197,Sag
train/wKiW95hiPu8zQhwV.png,39,7,300,137,Sag
train/LpASHQ03atiBeyRw.png,104,36,300,169,Sag
train/7zCqi454ijCrPu6H.png,59,5,300,159,Sol
train/9OyGmAsWD5Ie6QIa.png,91,9,300,199,Sag
train/0Flw60Z2MAWWKn6S.png,80,42,300,167,Sol
train/PQTyLq9Esb7RzmzH.png,91,19,300,150,Sol
train/m4BUXxtLrhnsSUJ2.png,23,15,300,154,Sag
train/yB11HwUEuYHhVlKo.png,31,6,300,144,Sag
train/0P6uxM8Vr1DwySHe.png,102,37,289,171,Dur
train/YipqelrMu7Sd6whV.png,148,40,300,170,Dur
train/nXOxF15xZFtfflkL.png,45,29,300,159,Sag
train/Y7DDimLAYeU323au.png,31,36,300,173,Sag
train/sq8ppoxKFLEiWc1N.png,151,38,300,195,Dur
train/uU7I4uUVN2mDwZpo.png,61,30,300,157,Sol
train/4bkmUMq0wOXElBIl.png,50,34,300,186,Sag
train/3hIcgfPOoWEIs16j.png,85,34,300,150,Sol
train/lSAWzGgHunaNt7jj.png,63,34,300,153,Sol
train/5nKDkVzIMQWmtReM.png,69,58,284,187,Dur
train/I9Ej8xGU5ivG8R2F.png,84,14,300,159,Dur
train/SE5eUJl8euX8gTJ3.png,153,29,300,177,Dur
train/d9UIt2WF1O9DYHPA.png,96,9,300,156,Dur
train/v1b7FBFD4ZbLJnhB.png,24,35,258,160,Sag
train/0t08v9bAaA0mXGCQ.png,170,18,300,148,Sag
train/vvM7nA8hZJD5b9CL.png,20,51,300,180,Sag
train/9JYn3D5vkXtrasPJ.png,131,1,300,145,Dur
train/cY3jY96VetFq6Ayp.png,132,35,300,185,Dur
train/tHitLUmmXOyChXOH.png,87,54,300,176,Sag
train/EQDfrFWZluld6aKP.png,150,54,300,200,Dur
train/yUG4uvp1tvCVbLlk.png,19,22,300,166,Sol
train/1xkTkvyzmavV7lQ5.png,40,32,300,157,Sol
train/oqHaBv13VeSkB6Wy.png,75,47,300,168,Dur
train/iwM1SIgty28sLu2p.png,127,15,300,152,Dur
train/x3z3E6Z2qsmW8TaH.png,44,66,270,176,Sag
train/dLrum1jVnQix8sV5.png,109,4,300,135,Dur
train/FAXYcAg30rtQnofW.png,91,47,300,166,Dur
train/s9hnXT0uSjC6vl6W.png,52,40,300,165,Sol
train/ySmdq2LJmCBQatvr.png,15,46,300,200,Sag
train/FHS2JqvlXGibavFw.png,75,54,300,167,Sol
train/LZ7UTYEoDao1EcYX.png,124,36,300,167,Sol
train/7fRLxoheLluOwCkp.png,52,23,300,166,Sag
train/zkNTynOVx99Kr46m.png,118,27,300,169,Dur
train/DEX2gmMwS3fxdi23.png,119,26,300,187,Dur
train/9j89H6omx9ieI8sf.png,88,55,300,183,Dur
train/EnikAJKQGkMfX5ax.png,84,15,300,161,Dur
train/0zoQAmDFXehOZsAp.png,75,41,300,158,Sol
train/1Dfw5FRlS4h60JPX.png,18,31,300,178,Sag
train/yPDwuZYpXF1iWDVh.png,135,33,300,169,Sol
train/Hz5ynYPew6XqaLdO.png,82,56,300,196,Dur
train/e8p8cRK4gABNoiaZ.png,64,11,300,142,Sol
train/BoMfAmQYWtoiGHBV.png,52,51,300,185,Sag
train/y57pFGvddZimmNu8.png,66,36,300,157,Dur
train/vMAludIRGF14FuGn.png,74,34,300,151,Sol
train/DsaaqkHZUN3pmcwH.png,46,17,300,150,Sag
train/MpiOsioYVx1AJelO.png,21,12,300,147,Sol
train/bzQcSRVP3M7abinD.png,42,21,300,151,Sol
train/aM5kGWsMPDGNdc3J.png,142,35,300,181,Dur
train/r0xQoW6iQbPig3jf.png,103,46,300,181,Dur
train/Q7EjH9y5ipAktIG6.png,97,51,300,195,Dur
train/XpFaeZAqFUqqJ85b.png,91,31,300,184,Sol
train/lhD4U5er2UL6nfAH.png,57,41,300,191,Sol
train/qHNvtsWSBDT0FnMt.png,163,63,300,185,Sol
